WAHLBEZIRK;BRIEFWAHLBEZIRK;WAHLTERMIN;WAHLART;BEREICH;WAHLLOKAL;BWK_NR;BWK_NAME;STADTBEZIRK_NR;STADTBEZIRK_NAME;STADTTEILE_NRN;STADTTEILE_NAMEN;A - Wahlberechtigte insgesamt;A1 - Wahlberechtigte ohne Sperrvermerk;A2 - Wahlberechtigte mit Sperrvermerk;A3 - Wahlberechtigte nach § 25 (2) BWO;B-Wähler;B1 - Darunter mit Wahlschein;E - Ungültige Stimmen;F - Gültige Stimmen;Wähler-U;Wähler-B;CDU;SPD;FDP;GRÜNE;DIE LINKE;PIRATEN;NPD;REP;Tierschutzpartei;ÖDP;PBC;Volksabstimmung;MLPD;BüSo;AfD;BIG;pro Deutschland;FREIE WÄHLER;PARTEI DER VERNUNFT;RENTNER
001-01;001-93;20.09.2013;Bundestagswahl - Zweitstimmenergebnisse;U;VWA-Haus;258;Stuttgart I;1;Mitte;101, 107, 108;Oberer Schlossgarten, Kernerviertel, Diemershalde;963;667;296;0;485;8;2;483;485;0;156;98;37;95;59;14;1;0;2;1;0;1;0;0;15;0;0;4;0;0
001-02;001-91;20.09.2013;Bundestagswahl - Zweitstimmenergebnisse;U;Inlingua Sprachcenter;258;Stuttgart I;1;Mitte;102;Rathaus;1173;936;236;1;485;6;4;481;485;0;135;115;26;79;56;17;7;1;0;2;0;2;2;0;33;4;0;1;0;1
001-03;001-91;20.09.2013;Bundestagswahl - Zweitstimmenergebnisse;U;Stadtteilhaus Mitte;258;Stuttgart I;1;Mitte;110;Heusteigviertel;1200;861;339;0;624;9;2;622;624;0;202;138;43;129;48;34;2;0;5;0;1;0;0;1;15;0;0;3;0;1
001-04;001-91;20.09.2013;Bundestagswahl - Zweitstimmenergebnisse;U;Max-Eyth-Schule;258;Stuttgart I;1;Mitte;102, 103;Rathaus, Neue Vorstadt;1496;1051;443;2;665;10;7;658;665;0;244;143;43;103;56;33;0;1;1;4;1;0;0;0;23;1;0;1;2;2
001-05;001-94;20.09.2013;Bundestagswahl - Zweitstimmenergebnisse;U;Mensa der Universität;258;Stuttgart I;1;Mitte;104, 105, 106;Universität, Europaviertel, Hauptbahnhof;757;531;226;0;357;1;1;356;357;0;142;85;40;32;19;22;0;0;1;1;1;1;0;0;12;0;0;0;0;0
001-06;001-92;20.09.2013;Bundestagswahl - Zweitstimmenergebnisse;U;IN VIA Hildegardisheim;258;Stuttgart I;1;Mitte;109, 110;Dobel, Heusteigviertel;1099;778;320;1;501;2;6;495;501;0;159;112;34;94;52;16;3;1;1;1;0;0;0;0;21;0;0;1;0;0
001-07;001-92;20.09.2013;Bundestagswahl - Zweitstimmenergebnisse;U;Technische Oberschule;258;Stuttgart I;1;Mitte;109;Dobel;1445;1032;413;0;731;1;7;724;731;0;214;145;43;174;74;39;0;0;5;0;0;2;0;0;24;1;0;2;1;0
001-08;001-94;20.09.2013;Bundestagswahl - Zweitstimmenergebnisse;U;Ev. Friedens-Gemeindehaus;258;Stuttgart I;1;Mitte;107;Kernerviertel;885;662;222;1;418;8;6;412;418;0;106;103;23;67;52;31;3;0;5;1;1;1;1;0;12;2;0;1;1;2
001-09;001-94;20.09.2013;Bundestagswahl - Zweitstimmenergebnisse;U;Ev. Friedens-Gemeindehaus;258;Stuttgart I;1;Mitte;107;Kernerviertel;1377;991;386;0;717;2;4;713;717;0;193;177;36;158;83;18;3;1;1;4;0;0;4;0;34;1;0;0;0;0
001-10;001-93;20.09.2013;Bundestagswahl - Zweitstimmenergebnisse;U;Domsingschule Stuttgart;258;Stuttgart I;1;Mitte;107;Kernerviertel;1006;695;311;0;504;6;5;499;504;0;129;111;36;104;67;14;0;0;4;5;0;0;1;0;26;0;1;1;0;0
001-11;001-93;20.09.2013;Bundestagswahl - Zweitstimmenergebnisse;U;VWA-Haus;258;Stuttgart I;1;Mitte;108;Diemershalde;1103;720;382;1;473;2;4;469;473;0;140;123;39;99;34;13;1;0;0;1;1;0;0;0;15;0;0;3;0;0
001-12;001-92;20.09.2013;Bundestagswahl - Zweitstimmenergebnisse;U;Technische Oberschule;258;Stuttgart I;1;Mitte;109, 110;Dobel, Heusteigviertel;1267;884;383;0;596;4;5;591;596;0;194;132;41;109;64;16;1;0;5;2;1;3;0;1;21;0;0;1;0;0
001-91;001-91;20.09.2013;Bundestagswahl - Zweitstimmenergebnisse;B;Briefwahlbezirk;258;Stuttgart I;1;Mitte;-;-;0;0;0;0;961;961;3;958;0;961;353;178;91;189;57;31;1;1;7;2;1;1;1;2;35;1;0;1;2;4
001-92;001-92;20.09.2013;Bundestagswahl - Zweitstimmenergebnisse;B;Briefwahlbezirk;258;Stuttgart I;1;Mitte;-;-;0;0;0;0;1063;1063;7;1056;0;1063;369;172;90;259;77;32;3;0;4;1;2;1;1;1;28;1;3;10;0;2
001-93;001-93;20.09.2013;Bundestagswahl - Zweitstimmenergebnisse;B;Briefwahlbezirk;258;Stuttgart I;1;Mitte;-;-;0;0;0;0;928;928;4;924;0;928;296;194;86;214;54;25;4;1;5;1;0;2;1;0;31;0;0;7;0;3
001-94;001-94;20.09.2013;Bundestagswahl - Zweitstimmenergebnisse;B;Briefwahlbezirk;258;Stuttgart I;1;Mitte;-;-;0;0;0;0;781;781;5;776;0;781;287;157;49;156;54;33;4;1;7;2;1;1;1;0;19;0;0;3;1;0
002-01;002-91;20.09.2013;Bundestagswahl - Zweitstimmenergebnisse;U;Pragschule;258;Stuttgart I;2;Nord;130, 131;Mönchhalde, Heilbronner Straße;931;735;195;1;413;5;4;409;413;0;141;83;19;72;48;14;1;0;2;1;0;1;1;1;22;0;0;2;1;0
002-02;002-91;20.09.2013;Bundestagswahl - Zweitstimmenergebnisse;U;Seniorenzentrum;258;Stuttgart I;2;Nord;121, 131;Relenberg, Heilbronner Straße;1313;1000;312;1;626;6;1;625;626;0;211;129;46;104;66;28;1;1;5;2;0;0;0;0;27;0;1;2;1;1
002-03;002-92;20.09.2013;Bundestagswahl - Zweitstimmenergebnisse;U;Ev. Birkenhof-Kindergarten;258;Stuttgart I;2;Nord;121, 130;Relenberg, Mönchhalde;1270;824;446;0;675;11;3;672;675;0;273;135;60;100;39;17;1;0;4;1;0;0;0;0;41;0;0;0;0;1
002-04;002-92;20.09.2013;Bundestagswahl - Zweitstimmenergebnisse;U;Eberhard-Ludwigs-Gymnasium;258;Stuttgart I;2;Nord;121;Relenberg;1263;886;377;0;667;8;2;665;667;0;247;131;54;121;36;26;0;1;4;3;0;0;0;1;40;0;0;1;0;0
002-05;002-92;20.09.2013;Bundestagswahl - Zweitstimmenergebnisse;U;Hölderlin-Gymnasium;258;Stuttgart I;2;Nord;121;Relenberg;1343;977;366;0;574;4;6;568;574;0;174;122;39;99;67;17;0;0;4;2;1;0;1;1;37;0;0;2;0;2
002-06;002-93;20.09.2013;Bundestagswahl - Zweitstimmenergebnisse;U;Schule im sonnigen Winkel;258;Stuttgart I;2;Nord;122;Lenzhalde;838;537;301;0;424;4;1;423;424;0;204;56;66;53;18;6;1;0;1;0;0;0;0;0;15;0;0;1;1;1
002-07;002-93;20.09.2013;Bundestagswahl - Zweitstimmenergebnisse;U;Eberhard-Ludwigs-Gymnasium;258;Stuttgart I;2;Nord;122;Lenzhalde;1094;641;453;0;513;4;1;512;513;0;203;95;67;87;24;6;0;1;4;0;0;0;0;0;24;0;0;0;0;1
002-08;002-93;20.09.2013;Bundestagswahl - Zweitstimmenergebnisse;U;Mühlbachhofschule;258;Stuttgart I;2;Nord;123, 130;Am Bismarckturm, Mönchhalde;827;484;343;0;424;7;2;422;424;0;185;70;63;57;15;5;0;3;0;0;0;0;0;0;22;1;0;1;0;0
002-09;002-94;20.09.2013;Bundestagswahl - Zweitstimmenergebnisse;U;Haus auf dem Killesberg;258;Stuttgart I;2;Nord;124;Killesberg;1214;748;465;1;636;5;1;635;636;0;281;97;94;91;26;7;0;0;7;4;0;0;0;0;27;0;1;0;0;0
002-10;002-94;20.09.2013;Bundestagswahl - Zweitstimmenergebnisse;U;Augustinum Killesberg;258;Stuttgart I;2;Nord;125, 130;Weißenhof, Mönchhalde;1174;821;353;0;713;3;5;708;713;0;300;132;75;106;50;9;0;0;2;2;2;0;0;0;28;0;0;1;0;1
002-11;002-94;20.09.2013;Bundestagswahl - Zweitstimmenergebnisse;U;VHS-Ökostation Wartberg;258;Stuttgart I;2;Nord;125;Weißenhof;1246;865;381;0;721;6;8;713;721;0;243;177;54;137;45;18;5;0;6;2;0;0;0;1;23;0;0;1;0;1
002-12;002-91;20.09.2013;Bundestagswahl - Zweitstimmenergebnisse;U;Rosensteinschule;258;Stuttgart I;2;Nord;126, 128, 129;Nordbahnhof, Am Rosensteinpark, Auf der Prag;1448;1117;331;0;695;6;11;684;695;0;203;195;23;93;73;34;5;2;5;1;0;1;1;1;34;5;0;4;3;1
002-13;002-91;20.09.2013;Bundestagswahl - Zweitstimmenergebnisse;U;Ev. Martins-Gemeindehaus;258;Stuttgart I;2;Nord;126, 128, 129;Nordbahnhof, Am Rosensteinpark, Auf der Prag;1577;1206;370;1;787;11;16;771;787;0;245;203;36;115;81;39;4;3;3;4;0;2;0;0;33;1;0;2;0;0
002-14;002-91;20.09.2013;Bundestagswahl - Zweitstimmenergebnisse;U;Pragschule;258;Stuttgart I;2;Nord;127;Am Pragfriedhof;806;574;232;0;319;2;4;315;319;0;100;81;12;45;38;12;1;0;3;0;0;1;0;0;21;0;0;0;0;1
002-91;002-91;20.09.2013;Bundestagswahl - Zweitstimmenergebnisse;B;Briefwahlbezirk;258;Stuttgart I;2;Nord;-;-;0;0;0;0;1328;1328;15;1313;0;1328;473;249;128;253;87;40;4;4;7;6;1;5;2;1;33;3;2;5;2;8
002-92;002-92;20.09.2013;Bundestagswahl - Zweitstimmenergebnisse;B;Briefwahlbezirk;258;Stuttgart I;2;Nord;-;-;0;0;0;0;1103;1103;6;1097;0;1103;452;198;148;180;41;25;1;2;8;3;1;2;0;2;26;0;0;4;1;3
002-93;002-93;20.09.2013;Bundestagswahl - Zweitstimmenergebnisse;B;Briefwahlbezirk;258;Stuttgart I;2;Nord;-;-;0;0;0;0;1042;1042;6;1036;0;1042;475;117;203;139;36;8;1;2;5;1;0;2;0;0;43;0;0;3;0;1
002-94;002-94;20.09.2013;Bundestagswahl - Zweitstimmenergebnisse;B;Briefwahlbezirk;258;Stuttgart I;2;Nord;-;-;0;0;0;0;1141;1141;4;1137;0;1141;462;176;140;213;69;15;0;2;6;9;1;1;0;0;39;0;0;3;0;1
003-01;003-91;20.09.2013;Bundestagswahl - Zweitstimmenergebnisse;U;Haus Morgenstern e. V.;259;Stuttgart II;3;Ost;141;Gänsheide;1123;745;378;0;571;6;10;561;571;0;239;82;84;84;12;8;2;1;2;1;0;1;0;0;41;1;0;3;0;0
003-02;003-91;20.09.2013;Bundestagswahl - Zweitstimmenergebnisse;U;Ev. Heidehofgymnasium;259;Stuttgart II;3;Ost;141;Gänsheide;1072;703;369;0;571;10;2;569;571;0;208;102;91;97;32;8;0;0;1;5;0;0;1;0;20;0;0;2;2;0
003-03;003-91;20.09.2013;Bundestagswahl - Zweitstimmenergebnisse;U;Wagenburg-Gymnasium;259;Stuttgart II;3;Ost;141, 142;Gänsheide, Uhlandshöhe;1121;807;314;0;605;0;6;599;605;0;165;138;46;127;80;19;0;0;2;1;0;1;0;0;19;0;0;0;1;0
003-04;003-91;20.09.2013;Bundestagswahl - Zweitstimmenergebnisse;U;Ameisenbergschule;259;Stuttgart II;3;Ost;142;Uhlandshöhe;1019;738;280;1;581;0;8;573;581;0;159;105;39;151;65;19;2;0;1;2;0;0;0;1;24;3;0;2;0;0
003-05;003-94;20.09.2013;Bundestagswahl - Zweitstimmenergebnisse;U;Therapeuticum;259;Stuttgart II;3;Ost;145;Ostheim;1147;857;290;0;562;3;3;559;562;0;169;111;34;129;57;17;3;2;6;4;0;1;3;0;20;0;0;1;0;2
003-06;003-92;20.09.2013;Bundestagswahl - Zweitstimmenergebnisse;U;Grund- und Werkrealschule;259;Stuttgart II;3;Ost;147;Gablenberg;1371;1023;348;0;675;9;5;670;675;0;206;156;37;132;76;23;3;1;2;1;0;0;3;0;26;0;0;3;0;1
003-07;003-92;20.09.2013;Bundestagswahl - Zweitstimmenergebnisse;U;Grund- und Werkrealschule;259;Stuttgart II;3;Ost;147;Gablenberg;1425;1076;349;0;691;6;7;684;691;0;202;190;37;115;55;22;3;2;14;1;0;0;2;0;32;2;0;4;0;3
003-08;003-92;20.09.2013;Bundestagswahl - Zweitstimmenergebnisse;U;Sammelschulgebäude;259;Stuttgart II;3;Ost;146, 147;Gaisburg, Gablenberg;883;655;228;0;458;4;3;455;458;0;148;114;27;76;44;11;2;0;2;2;0;0;1;0;24;1;0;1;1;1
003-09;003-94;20.09.2013;Bundestagswahl - Zweitstimmenergebnisse;U;Raichberg-Realschule;259;Stuttgart II;3;Ost;145;Ostheim;987;843;144;0;409;3;12;397;409;0;110;110;13;72;44;19;3;2;3;1;0;0;3;0;13;3;0;1;0;0
003-10;003-94;20.09.2013;Bundestagswahl - Zweitstimmenergebnisse;U;Raichberg-Realschule;259;Stuttgart II;3;Ost;145;Ostheim;1151;855;296;0;606;2;8;598;606;0;206;135;31;102;44;31;1;1;8;3;0;1;1;0;28;3;1;2;0;0
003-11;003-94;20.09.2013;Bundestagswahl - Zweitstimmenergebnisse;U;Grund- und Werkrealschule;259;Stuttgart II;3;Ost;145;Ostheim;675;539;136;0;368;1;1;367;368;0;114;90;10;65;45;5;5;3;1;0;0;3;1;0;19;0;1;5;0;0
003-12;003-94;20.09.2013;Bundestagswahl - Zweitstimmenergebnisse;U;Raichberg-Realschule;259;Stuttgart II;3;Ost;145;Ostheim;1155;916;239;0;602;2;5;597;602;0;183;169;32;73;67;28;3;5;4;0;1;1;2;0;21;2;3;0;0;3
003-13;003-95;20.09.2013;Bundestagswahl - Zweitstimmenergebnisse;U;Kath. Gemeindezentrum;259;Stuttgart II;3;Ost;146;Gaisburg;1002;818;184;0;455;3;2;453;455;0;125;128;30;77;37;27;6;2;3;0;0;0;0;1;13;2;0;2;0;0
003-14;003-96;20.09.2013;Bundestagswahl - Zweitstimmenergebnisse;U;Kath. Gemeindezentrum;259;Stuttgart II;3;Ost;145;Ostheim;929;746;183;0;475;4;11;464;475;0;150;135;13;66;52;20;3;2;2;3;0;2;0;0;11;1;0;2;2;0
003-15;003-96;20.09.2013;Bundestagswahl - Zweitstimmenergebnisse;U;Grund- und Werkrealschule;259;Stuttgart II;3;Ost;145;Ostheim;797;611;186;0;419;2;2;417;419;0;122;91;24;100;39;18;3;1;5;1;0;0;0;0;10;0;1;1;0;1
003-16;003-96;20.09.2013;Bundestagswahl - Zweitstimmenergebnisse;U;Grund- und Werkrealschule;259;Stuttgart II;3;Ost;143, 145;Stöckach, Ostheim;831;618;212;1;449;0;9;440;449;0;123;84;25;111;60;17;1;0;1;0;0;0;0;0;14;1;0;1;2;0
003-17;003-96;20.09.2013;Bundestagswahl - Zweitstimmenergebnisse;U;Zeppelin-Gymnasium;259;Stuttgart II;3;Ost;143;Stöckach;1417;1066;351;0;655;9;1;654;655;0;205;164;25;125;50;25;3;1;4;4;2;0;2;0;35;1;6;0;0;2
003-18;003-96;20.09.2013;Bundestagswahl - Zweitstimmenergebnisse;U;EnBW SIS GmbH;259;Stuttgart II;3;Ost;143, 144, 145;Stöckach, Berg, Ostheim;1225;911;314;0;580;10;7;573;580;0;203;149;21;88;53;17;6;1;3;3;0;0;0;0;23;0;1;5;0;0
003-19;003-96;20.09.2013;Bundestagswahl - Zweitstimmenergebnisse;U;Raitelsbergschule;259;Stuttgart II;3;Ost;145;Ostheim;628;576;52;0;259;1;5;254;259;0;62;80;6;29;37;13;4;1;1;0;0;0;2;0;14;2;0;3;0;0
003-20;003-95;20.09.2013;Bundestagswahl - Zweitstimmenergebnisse;U;Parkheim Berg;259;Stuttgart II;3;Ost;144;Berg;1459;1103;354;2;667;10;6;661;667;0;190;165;63;139;52;19;0;1;0;3;0;0;1;0;22;0;0;4;0;2
003-21;003-95;20.09.2013;Bundestagswahl - Zweitstimmenergebnisse;U;Grundschule Gaisburg;259;Stuttgart II;3;Ost;146;Gaisburg;1198;914;284;0;630;9;10;620;630;0;197;150;33;100;59;22;5;4;3;3;2;0;0;0;32;2;0;3;2;3
003-22;003-95;20.09.2013;Bundestagswahl - Zweitstimmenergebnisse;U;Grundschule Gaisburg;259;Stuttgart II;3;Ost;146;Gaisburg;1024;795;229;0;544;1;6;538;544;0;175;133;29;92;47;16;5;0;0;3;1;0;6;0;25;1;0;4;0;1
003-23;003-95;20.09.2013;Bundestagswahl - Zweitstimmenergebnisse;U;Grundschule Gaisburg;259;Stuttgart II;3;Ost;146;Gaisburg;944;663;281;0;506;3;3;503;506;0;164;109;38;87;43;16;0;1;2;1;0;0;0;0;35;0;0;4;1;2
003-24;003-93;20.09.2013;Bundestagswahl - Zweitstimmenergebnisse;U;Grund- und Werkrealschule;259;Stuttgart II;3;Ost;147;Gablenberg;1131;844;287;0;536;4;10;526;536;0;169;120;24;101;62;15;2;1;8;2;0;0;1;0;16;2;0;3;0;0
003-25;003-93;20.09.2013;Bundestagswahl - Zweitstimmenergebnisse;U;Café MUSE-O;259;Stuttgart II;3;Ost;147;Gablenberg;1162;799;363;0;608;5;2;606;608;0;225;162;37;95;34;19;3;0;3;1;0;0;1;0;23;0;0;3;0;0
003-26;003-93;20.09.2013;Bundestagswahl - Zweitstimmenergebnisse;U;Fuchsrainschule;259;Stuttgart II;3;Ost;147;Gablenberg;1127;772;355;0;565;5;3;562;565;0;202;106;39;141;37;16;0;2;3;0;0;0;0;0;13;3;0;0;0;0
003-27;003-93;20.09.2013;Bundestagswahl - Zweitstimmenergebnisse;U;Evangelische Kirche;259;Stuttgart II;3;Ost;151;Frauenkopf;591;399;192;0;337;8;2;335;337;0;174;26;52;51;17;3;0;0;0;0;0;0;0;0;9;0;1;2;0;0
003-91;003-91;20.09.2013;Bundestagswahl - Zweitstimmenergebnisse;B;Briefwahlbezirk;259;Stuttgart II;3;Ost;-;-;0;0;0;0;1320;1320;10;1310;0;1320;536;185;162;270;65;24;5;1;9;1;1;2;1;1;42;0;0;3;0;2
003-92;003-92;20.09.2013;Bundestagswahl - Zweitstimmenergebnisse;B;Briefwahlbezirk;259;Stuttgart II;3;Ost;-;-;0;0;0;0;866;866;5;861;0;866;300;173;73;163;58;33;5;2;7;0;2;2;0;1;31;0;0;6;0;5
003-93;003-93;20.09.2013;Bundestagswahl - Zweitstimmenergebnisse;B;Briefwahlbezirk;259;Stuttgart II;3;Ost;-;-;0;0;0;0;1151;1151;6;1145;0;1151;469;208;116;224;57;25;1;2;6;0;1;2;0;1;27;0;0;5;1;0
003-94;003-94;20.09.2013;Bundestagswahl - Zweitstimmenergebnisse;B;Briefwahlbezirk;259;Stuttgart II;3;Ost;-;-;0;0;0;0;1048;1048;10;1038;0;1048;358;232;65;223;59;31;6;3;13;3;3;1;2;2;23;0;0;8;1;5
003-95;003-95;20.09.2013;Bundestagswahl - Zweitstimmenergebnisse;B;Briefwahlbezirk;259;Stuttgart II;3;Ost;-;-;0;0;0;0;1224;1224;7;1217;0;1224;493;200;89;253;69;31;9;1;9;7;1;1;1;2;40;0;1;7;0;3
003-96;003-96;20.09.2013;Bundestagswahl - Zweitstimmenergebnisse;B;Briefwahlbezirk;259;Stuttgart II;3;Ost;-;-;0;0;0;0;1201;1201;3;1198;0;1201;393;247;76;283;80;43;2;4;13;2;1;2;0;1;35;1;0;9;1;5
004-01;004-91;20.09.2013;Bundestagswahl - Zweitstimmenergebnisse;U;Technische Oberschule;258;Stuttgart I;4;Süd;161;Bopser;1150;627;523;0;548;9;0;548;548;0;228;97;52;103;25;6;1;0;2;4;2;0;0;0;27;0;0;1;0;0
004-02;004-91;20.09.2013;Bundestagswahl - Zweitstimmenergebnisse;U;Kolpinghaus;258;Stuttgart I;4;Süd;161;Bopser;982;639;343;0;431;8;4;427;431;0;147;80;48;80;33;8;0;1;0;1;0;0;0;0;25;0;0;4;0;0
004-03;004-92;20.09.2013;Bundestagswahl - Zweitstimmenergebnisse;U;Lehenschule;258;Stuttgart I;4;Süd;163;Weinsteige;710;460;250;0;388;7;3;385;388;0;144;72;53;62;27;6;0;0;2;1;0;0;0;0;17;0;1;0;0;0
004-04;004-92;20.09.2013;Bundestagswahl - Zweitstimmenergebnisse;U;Kaufmännische Schule Süd;258;Stuttgart I;4;Süd;163;Weinsteige;929;601;327;1;483;1;1;482;483;0;185;86;56;80;36;4;2;0;2;0;0;0;0;0;29;0;0;1;1;0
004-05;004-93;20.09.2013;Bundestagswahl - Zweitstimmenergebnisse;U;Kaufmännische Schule Süd;258;Stuttgart I;4;Süd;162;Lehen;1021;700;321;0;507;3;7;500;507;0;137;109;18;126;58;22;2;0;3;1;0;3;1;0;18;0;0;2;0;0
004-06;004-94;20.09.2013;Bundestagswahl - Zweitstimmenergebnisse;U;Lehenschule;258;Stuttgart I;4;Süd;162;Lehen;1277;891;386;0;705;4;2;703;705;0;200;169;42;154;76;27;2;0;5;2;1;0;2;0;17;0;1;4;0;1
004-07;004-93;20.09.2013;Bundestagswahl - Zweitstimmenergebnisse;U;Heusteigschule;258;Stuttgart I;4;Süd;162;Lehen;1414;1008;406;0;782;13;10;772;782;0;231;197;42;174;67;33;0;0;3;0;0;1;0;1;18;0;0;4;1;0
004-08;004-94;20.09.2013;Bundestagswahl - Zweitstimmenergebnisse;U;Heusteigschule;258;Stuttgart I;4;Süd;162;Lehen;1470;980;490;0;757;12;5;752;757;0;217;185;42;164;72;23;2;1;3;3;0;1;0;0;34;0;0;5;0;0
004-09;004-94;20.09.2013;Bundestagswahl - Zweitstimmenergebnisse;U;Kolpinghaus;258;Stuttgart I;4;Süd;162;Lehen;1376;1060;316;0;756;6;7;749;756;0;175;190;33;171;99;43;1;1;3;7;0;0;0;1;21;0;0;4;0;0
004-10;004-93;20.09.2013;Bundestagswahl - Zweitstimmenergebnisse;U;Karls-Gymnasium;258;Stuttgart I;4;Süd;164;Karlshöhe;1147;780;367;0;556;10;5;551;556;0;195;107;32;113;49;28;1;1;3;2;1;0;0;0;15;0;0;4;0;0
004-11;004-93;20.09.2013;Bundestagswahl - Zweitstimmenergebnisse;U;Römerschule;258;Stuttgart I;4;Süd;162;Lehen;1527;1137;389;1;729;11;5;724;729;0;171;200;46;174;62;25;2;2;4;3;1;2;4;0;22;1;0;4;0;1
004-12;004-92;20.09.2013;Bundestagswahl - Zweitstimmenergebnisse;U;Altes Feuerwehrhaus Süd;258;Stuttgart I;4;Süd;164, 165;Karlshöhe, Heslach;1419;1017;402;0;650;13;5;645;650;0;166;155;37;143;58;32;6;0;5;2;2;1;1;0;25;0;0;9;2;1
004-13;004-95;20.09.2013;Bundestagswahl - Zweitstimmenergebnisse;U;Ev. Mörike-Gymnasium;258;Stuttgart I;4;Süd;164, 165;Karlshöhe, Heslach;1524;1034;489;1;707;8;9;698;707;0;213;187;52;123;57;22;2;0;5;1;1;1;1;0;25;0;1;5;1;1
004-14;004-95;20.09.2013;Bundestagswahl - Zweitstimmenergebnisse;U;Generationenhaus Heslach;258;Stuttgart I;4;Süd;165;Heslach;1474;1053;421;0;777;4;4;773;777;0;204;192;50;162;74;31;6;1;7;2;0;0;1;1;34;0;0;6;0;2
004-15;004-95;20.09.2013;Bundestagswahl - Zweitstimmenergebnisse;U;Generationenhaus Heslach;258;Stuttgart I;4;Süd;165;Heslach;1661;1288;373;0;834;5;9;825;834;0;196;202;31;177;100;50;5;3;11;5;3;2;2;0;27;4;1;5;0;1
004-16;004-92;20.09.2013;Bundestagswahl - Zweitstimmenergebnisse;U;Lerchenrainschule;258;Stuttgart I;4;Süd;165, 166;Heslach, Südheim;802;641;160;1;403;1;6;397;403;0;113;90;22;87;51;10;1;0;6;1;0;0;1;1;14;0;0;0;0;0
004-17;004-96;20.09.2013;Bundestagswahl - Zweitstimmenergebnisse;U;Lerchenrainschule;258;Stuttgart I;4;Süd;166;Südheim;924;656;268;0;496;8;9;487;496;0;146;109;19;113;52;15;1;1;6;0;0;0;0;1;20;0;0;1;0;3
004-18;004-96;20.09.2013;Bundestagswahl - Zweitstimmenergebnisse;U;Ev. Gemeindehaus;258;Stuttgart I;4;Süd;165, 166;Heslach, Südheim;1156;869;286;1;613;3;1;612;613;0;179;148;37;119;52;32;4;2;4;1;1;0;0;0;31;0;0;1;0;1
004-19;004-96;20.09.2013;Bundestagswahl - Zweitstimmenergebnisse;U;Ev. Gemeindehaus;258;Stuttgart I;4;Süd;166;Südheim;1052;768;284;0;556;3;5;551;556;0;169;135;21;111;61;18;0;0;4;1;0;0;3;0;22;1;0;3;2;0
004-20;004-96;20.09.2013;Bundestagswahl - Zweitstimmenergebnisse;U;SV für Landwirtschaft,;258;Stuttgart I;4;Süd;166;Südheim;776;546;230;0;421;0;5;416;421;0;122;98;26;89;36;17;0;0;6;1;0;0;0;0;18;0;0;3;0;0
004-21;004-97;20.09.2013;Bundestagswahl - Zweitstimmenergebnisse;U;Kath. Franziskushaus;258;Stuttgart I;4;Süd;171;Kaltental;773;584;189;0;411;0;2;409;411;0;138;79;29;78;30;13;1;0;3;1;1;0;0;2;31;0;0;1;1;1
004-22;004-97;20.09.2013;Bundestagswahl - Zweitstimmenergebnisse;U;Kath. Franziskushaus;258;Stuttgart I;4;Süd;171;Kaltental;973;705;268;0;564;7;6;558;564;0;239;116;32;92;31;11;6;0;6;0;0;0;0;0;23;0;1;1;0;0
004-23;004-97;20.09.2013;Bundestagswahl - Zweitstimmenergebnisse;U;Grundschule Kaltental;258;Stuttgart I;4;Süd;171;Kaltental;1121;838;283;0;578;3;5;573;578;0;199;123;44;103;38;13;7;0;4;2;1;0;0;3;31;0;0;5;0;0
004-24;004-97;20.09.2013;Bundestagswahl - Zweitstimmenergebnisse;U;Bürgersaal Kaltental;258;Stuttgart I;4;Süd;171;Kaltental;1123;846;277;0;645;6;1;644;645;0;235;159;35;105;30;26;3;2;6;1;2;0;0;0;33;0;1;3;2;1
004-91;004-91;20.09.2013;Bundestagswahl - Zweitstimmenergebnisse;B;Briefwahlbezirk;258;Stuttgart I;4;Süd;-;-;0;0;0;0;831;831;1;830;0;831;356;134;115;138;35;14;0;0;2;1;0;1;1;0;26;0;1;5;0;1
004-92;004-92;20.09.2013;Bundestagswahl - Zweitstimmenergebnisse;B;Briefwahlbezirk;258;Stuttgart I;4;Süd;-;-;0;0;0;0;1063;1063;4;1059;0;1063;398;191;99;226;67;24;1;1;9;2;0;0;2;0;25;0;0;5;2;7
004-93;004-93;20.09.2013;Bundestagswahl - Zweitstimmenergebnisse;B;Briefwahlbezirk;258;Stuttgart I;4;Süd;-;-;0;0;0;0;1372;1372;6;1366;0;1372;446;275;107;337;78;52;4;0;8;6;0;3;3;1;37;1;1;6;0;1
004-94;004-94;20.09.2013;Bundestagswahl - Zweitstimmenergebnisse;B;Briefwahlbezirk;258;Stuttgart I;4;Süd;-;-;0;0;0;0;1108;1108;3;1105;0;1108;337;202;101;307;76;35;0;0;9;1;4;1;2;0;25;0;0;3;0;2
004-95;004-95;20.09.2013;Bundestagswahl - Zweitstimmenergebnisse;B;Briefwahlbezirk;258;Stuttgart I;4;Süd;-;-;0;0;0;0;1195;1195;6;1189;0;1195;410;223;122;263;74;34;1;1;9;6;1;0;0;0;35;1;1;7;0;1
004-96;004-96;20.09.2013;Bundestagswahl - Zweitstimmenergebnisse;B;Briefwahlbezirk;258;Stuttgart I;4;Süd;-;-;0;0;0;0;1001;1001;0;1001;0;1001;337;201;71;237;55;37;3;2;6;8;0;1;0;2;28;0;0;7;2;4
004-97;004-97;20.09.2013;Bundestagswahl - Zweitstimmenergebnisse;B;Briefwahlbezirk;258;Stuttgart I;4;Süd;-;-;0;0;0;0;967;967;12;955;0;967;384;190;83;175;34;24;1;0;4;3;0;6;0;2;40;0;1;5;0;3
005-01;005-91;20.09.2013;Bundestagswahl - Zweitstimmenergebnisse;U;Nikolauspflege;258;Stuttgart I;5;West;181;Kräherwald;1050;686;364;0;496;24;6;490;496;0;186;95;48;93;19;17;2;0;2;0;0;1;0;0;24;0;0;2;0;1
005-02;005-92;20.09.2013;Bundestagswahl - Zweitstimmenergebnisse;U;Paul-Gerhardt-Gem.zentrum;258;Stuttgart I;5;West;181;Kräherwald;1375;971;404;0;763;4;8;755;763;0;238;184;52;159;54;25;2;1;1;1;0;0;0;0;35;0;0;2;0;1
005-03;005-92;20.09.2013;Bundestagswahl - Zweitstimmenergebnisse;U;Paul-Gerhardt-Gem.zentrum;258;Stuttgart I;5;West;186;Vogelsang;958;725;233;0;529;5;7;522;529;0;163;148;29;82;46;18;0;1;7;1;0;1;2;0;18;2;0;3;1;0
005-04;005-91;20.09.2013;Bundestagswahl - Zweitstimmenergebnisse;U;Nikolauspflege;258;Stuttgart I;5;West;181;Kräherwald;933;592;341;0;514;4;2;512;514;0;203;74;58;101;44;7;0;2;2;1;1;0;0;0;18;1;0;0;0;0
005-05;005-91;20.09.2013;Bundestagswahl - Zweitstimmenergebnisse;U;Schule im Sonnigen Winkel;258;Stuttgart I;5;West;181;Kräherwald;1030;594;436;0;490;2;1;489;490;0;205;81;81;65;21;5;0;0;2;0;0;0;0;0;27;0;0;0;0;2
005-06;005-93;20.09.2013;Bundestagswahl - Zweitstimmenergebnisse;U;Hasenbergschule;258;Stuttgart I;5;West;182;Hölderlinplatz;1086;675;411;0;525;3;2;523;525;0;188;132;37;95;37;9;2;0;2;1;0;0;2;0;17;0;0;0;0;1
005-07;005-93;20.09.2013;Bundestagswahl - Zweitstimmenergebnisse;U;Arbeitsgericht Stuttgart;258;Stuttgart I;5;West;183;Rosenberg;1217;855;362;0;669;14;5;664;669;0;180;174;41;151;55;32;1;0;2;0;0;0;0;0;25;0;0;2;0;1
005-08;005-93;20.09.2013;Bundestagswahl - Zweitstimmenergebnisse;U;Hölderlin-Gymnasium;258;Stuttgart I;5;West;182;Hölderlinplatz;835;577;258;0;447;2;6;441;447;0;128;115;28;89;39;10;0;0;5;0;2;1;0;0;23;0;0;1;0;0
005-09;005-94;20.09.2013;Bundestagswahl - Zweitstimmenergebnisse;U;Hölderlin-Gymnasium;258;Stuttgart I;5;West;182;Hölderlinplatz;866;625;240;1;445;7;1;444;445;0;164;118;26;73;28;13;1;0;4;1;0;1;0;1;11;0;0;2;0;1
005-10;005-94;20.09.2013;Bundestagswahl - Zweitstimmenergebnisse;U;Gew. Schule im Hoppenlau;258;Stuttgart I;5;West;183;Rosenberg;1319;925;393;1;670;7;8;662;670;0;218;152;39;130;63;17;2;0;3;5;1;1;0;0;24;0;0;6;1;0
005-11;005-95;20.09.2013;Bundestagswahl - Zweitstimmenergebnisse;U;Arbeitsgericht Stuttgart;258;Stuttgart I;5;West;183, 186;Rosenberg, Vogelsang;1342;918;424;0;677;9;2;675;677;0;184;184;38;140;52;24;0;0;4;0;0;0;1;1;41;5;0;1;0;0
005-12;005-94;20.09.2013;Bundestagswahl - Zweitstimmenergebnisse;U;Gew. Schule im Hoppenlau;258;Stuttgart I;5;West;183;Rosenberg;1491;1029;462;0;742;3;9;733;742;0;222;169;40;163;75;21;1;0;4;1;1;1;2;0;30;1;0;2;0;0
005-13;005-96;20.09.2013;Bundestagswahl - Zweitstimmenergebnisse;U;Hasenbergschule;258;Stuttgart I;5;West;186;Vogelsang;1471;1029;442;0;776;5;9;767;776;0;222;192;44;151;79;37;3;1;7;2;0;0;1;0;23;0;0;4;1;0
005-14;005-96;20.09.2013;Bundestagswahl - Zweitstimmenergebnisse;U;Vogelsangschule;258;Stuttgart I;5;West;186;Vogelsang;1690;1162;528;0;860;4;7;853;860;0;231;197;49;195;97;38;2;1;7;5;3;1;3;0;20;1;1;1;1;0
005-15;005-96;20.09.2013;Bundestagswahl - Zweitstimmenergebnisse;U;Schwabschule;258;Stuttgart I;5;West;186;Vogelsang;1210;879;331;0;661;11;1;660;661;0;203;143;30;161;61;30;3;2;5;0;0;0;0;0;18;0;0;3;0;1
005-16;005-95;20.09.2013;Bundestagswahl - Zweitstimmenergebnisse;U;Schwabschule;258;Stuttgart I;5;West;183, 184, 186;Rosenberg, Feuersee, Vogelsang;1314;946;368;0;684;11;4;680;684;0;182;172;46;128;72;39;2;1;6;2;3;0;1;0;19;1;0;1;2;3
005-17;005-95;20.09.2013;Bundestagswahl - Zweitstimmenergebnisse;U;Schloss-Realschule;258;Stuttgart I;5;West;183, 184;Rosenberg, Feuersee;1833;1324;508;1;869;7;16;853;869;0;284;218;51;135;71;33;4;1;5;3;0;1;1;1;41;1;0;1;0;2
005-18;005-99;20.09.2013;Bundestagswahl - Zweitstimmenergebnisse;U;Königin-Olga-Stift;258;Stuttgart I;5;West;184;Feuersee;1472;1065;407;0;732;4;7;725;732;0;239;173;43;126;56;43;1;1;8;2;1;1;0;1;25;0;0;5;0;0
005-19;005-99;20.09.2013;Bundestagswahl - Zweitstimmenergebnisse;U;Betreutes Wohnen;258;Stuttgart I;5;West;184;Feuersee;1320;928;392;0;644;8;9;635;644;0;182;146;51;116;64;33;1;0;4;1;0;2;1;0;31;0;2;0;0;1
005-20;005-97;20.09.2013;Bundestagswahl - Zweitstimmenergebnisse;U;Kaufmännische Schule 1;258;Stuttgart I;5;West;185;Rotebühl;1635;1099;535;1;828;21;3;825;828;0;242;211;41;188;74;33;1;1;1;5;0;1;1;0;23;0;1;2;0;0
005-21;005-99;20.09.2013;Bundestagswahl - Zweitstimmenergebnisse;U;Wirtschaftsgymnasium West;258;Stuttgart I;5;West;184, 185;Feuersee, Rotebühl;1664;1230;434;0;879;0;20;859;879;0;265;195;44;198;75;41;2;0;3;3;0;0;0;1;29;0;0;0;1;2
005-22;005-98;20.09.2013;Bundestagswahl - Zweitstimmenergebnisse;U;Friedensschule;258;Stuttgart I;5;West;185;Rotebühl;1640;1158;482;0;837;12;5;832;837;0;254;186;60;187;61;42;2;0;5;4;0;1;1;1;28;0;0;0;0;0
005-23;005-98;20.09.2013;Bundestagswahl - Zweitstimmenergebnisse;U;Hedwig-Dohm-Schule;258;Stuttgart I;5;West;185;Rotebühl;1465;1078;387;0;833;11;2;831;833;0;254;199;41;184;74;35;7;0;4;1;0;1;0;0;27;0;0;3;0;1
005-24;005-98;20.09.2013;Bundestagswahl - Zweitstimmenergebnisse;U;Hedwig-Dohm-Schule;258;Stuttgart I;5;West;185;Rotebühl;1433;1004;429;0;716;4;6;710;716;0;222;150;40;154;70;30;3;0;7;1;1;0;0;2;24;0;1;5;0;0
005-25;005-97;20.09.2013;Bundestagswahl - Zweitstimmenergebnisse;U;Haus im Süden;258;Stuttgart I;5;West;187;Hasenberg;1377;930;447;0;696;9;6;690;696;0;235;142;50;141;45;31;2;1;2;2;1;1;3;0;31;0;0;1;1;1
005-26;005-97;20.09.2013;Bundestagswahl - Zweitstimmenergebnisse;U;Vogelsangschule;258;Stuttgart I;5;West;181, 187;Kräherwald, Hasenberg;817;534;283;0;337;1;2;335;337;0;78;101;14;77;39;9;1;0;3;0;0;0;0;0;10;0;1;2;0;0
005-27;005-92;20.09.2013;Bundestagswahl - Zweitstimmenergebnisse;U;Vogelsangschule;258;Stuttgart I;5;West;187;Hasenberg;1271;907;363;1;686;9;10;676;686;0;219;162;36;161;45;22;1;0;7;2;1;1;0;1;16;1;0;0;0;1
005-91;005-91;20.09.2013;Bundestagswahl - Zweitstimmenergebnisse;B;Briefwahlbezirk;258;Stuttgart I;5;West;-;-;0;0;0;0;1081;1081;6;1075;0;1081;500;134;173;156;36;16;4;1;11;5;1;0;0;2;34;0;1;1;0;0
005-92;005-92;20.09.2013;Bundestagswahl - Zweitstimmenergebnisse;B;Briefwahlbezirk;258;Stuttgart I;5;West;-;-;0;0;0;0;929;929;7;922;0;929;279;195;82;211;62;31;1;0;7;3;0;0;0;0;41;0;0;6;1;3
005-93;005-93;20.09.2013;Bundestagswahl - Zweitstimmenergebnisse;B;Briefwahlbezirk;258;Stuttgart I;5;West;-;-;0;0;0;0;977;977;3;974;0;977;355;202;88;215;42;26;2;0;3;1;0;1;0;0;31;0;0;5;1;2
005-94;005-94;20.09.2013;Bundestagswahl - Zweitstimmenergebnisse;B;Briefwahlbezirk;258;Stuttgart I;5;West;-;-;0;0;0;0;1031;1031;7;1024;0;1031;359;235;72;216;63;27;2;1;5;4;2;3;0;0;32;1;0;2;0;0
005-95;005-95;20.09.2013;Bundestagswahl - Zweitstimmenergebnisse;B;Briefwahlbezirk;258;Stuttgart I;5;West;-;-;0;0;0;0;1202;1202;3;1199;0;1202;375;262;98;267;80;47;5;0;9;5;1;1;1;2;30;0;0;9;4;3
005-96;005-96;20.09.2013;Bundestagswahl - Zweitstimmenergebnisse;B;Briefwahlbezirk;258;Stuttgart I;5;West;-;-;0;0;0;0;1242;1242;5;1237;0;1242;375;242;120;313;80;43;0;0;8;4;1;2;1;0;38;0;1;3;1;5
005-97;005-97;20.09.2013;Bundestagswahl - Zweitstimmenergebnisse;B;Briefwahlbezirk;258;Stuttgart I;5;West;-;-;0;0;0;0;1180;1180;4;1176;0;1180;423;227;94;243;72;49;2;0;6;6;1;1;1;1;42;0;1;3;1;3
005-98;005-98;20.09.2013;Bundestagswahl - Zweitstimmenergebnisse;B;Briefwahlbezirk;258;Stuttgart I;5;West;-;-;0;0;0;0;1220;1220;4;1216;0;1220;409;237;97;297;86;43;1;4;8;3;3;2;2;1;10;0;1;7;1;4
005-99;005-99;20.09.2013;Bundestagswahl - Zweitstimmenergebnisse;B;Briefwahlbezirk;258;Stuttgart I;5;West;-;-;0;0;0;0;1158;1158;4;1154;0;1158;387;204;117;272;50;49;1;1;11;4;0;0;1;2;49;0;0;6;0;0
006-01;006-98;20.09.2013;Bundestagswahl - Zweitstimmenergebnisse;U;Sommerrainschule;259;Stuttgart II;6;Bad Cannstatt;201;Muckensturm;1007;790;217;0;506;2;3;503;506;0;220;122;19;63;38;3;2;0;2;2;1;0;0;0;26;1;0;3;0;1
006-02;006-92;20.09.2013;Bundestagswahl - Zweitstimmenergebnisse;U;Wilhelm-Maybach-Schule;259;Stuttgart II;6;Bad Cannstatt;202;Schmidener Vorstadt;1376;1075;300;1;688;8;7;681;688;0;220;177;38;80;59;28;6;2;5;1;0;2;1;1;57;0;1;2;1;0
006-03;006-92;20.09.2013;Bundestagswahl - Zweitstimmenergebnisse;U;Wilhelm-Maybach-Schule;259;Stuttgart II;6;Bad Cannstatt;202;Schmidener Vorstadt;983;827;156;0;422;3;2;420;422;0;140;106;21;58;44;17;3;4;2;1;2;1;2;0;17;1;0;1;0;0
006-04;006-92;20.09.2013;Bundestagswahl - Zweitstimmenergebnisse;U;Elternschule;259;Stuttgart II;6;Bad Cannstatt;202;Schmidener Vorstadt;681;546;135;0;369;3;3;366;369;0;112;87;24;62;44;13;0;0;2;0;1;1;1;0;11;2;2;1;3;0
006-05;006-93;20.09.2013;Bundestagswahl - Zweitstimmenergebnisse;U;Anna Haag;259;Stuttgart II;6;Bad Cannstatt;203;Espan;1430;1181;249;0;718;5;11;707;718;0;253;196;26;96;67;20;8;1;2;1;1;0;2;0;28;1;0;2;0;3
006-06;006-93;20.09.2013;Bundestagswahl - Zweitstimmenergebnisse;U;Anna Haag;259;Stuttgart II;6;Bad Cannstatt;203;Espan;1171;785;385;1;558;1;3;555;558;0;201;134;34;96;40;11;5;3;2;5;1;0;1;0;20;0;0;2;0;0
006-07;006-93;20.09.2013;Bundestagswahl - Zweitstimmenergebnisse;U;Gemeindesaal St. Peter;259;Stuttgart II;6;Bad Cannstatt;210;Im Geiger;571;443;128;0;272;1;6;266;272;0;87;71;13;36;31;9;5;0;0;1;0;0;0;0;9;0;0;3;1;0
006-08;006-93;20.09.2013;Bundestagswahl - Zweitstimmenergebnisse;U;Elly-Heuss-Knapp-Gymnasium;259;Stuttgart II;6;Bad Cannstatt;210;Im Geiger;793;579;214;0;354;2;9;345;354;0;116;99;31;38;30;9;1;0;2;1;0;0;2;0;11;0;0;2;2;1
006-09;006-94;20.09.2013;Bundestagswahl - Zweitstimmenergebnisse;U;Elly-Heuss-Knapp-Gymnasium;259;Stuttgart II;6;Bad Cannstatt;210;Im Geiger;751;498;253;0;407;7;0;407;407;0;173;73;58;54;15;4;0;2;0;1;2;0;0;0;22;0;0;3;0;0
006-10;006-94;20.09.2013;Bundestagswahl - Zweitstimmenergebnisse;U;Haus der Familie;259;Stuttgart II;6;Bad Cannstatt;208, 209;Wasen, Veielbrunnen;1006;830;176;0;434;2;1;433;434;0;136;97;20;71;53;19;6;0;2;2;1;0;4;0;14;3;0;2;1;2
006-11;006-92;20.09.2013;Bundestagswahl - Zweitstimmenergebnisse;U;Gottlieb-Daimler-Gymnasium;259;Stuttgart II;6;Bad Cannstatt;207;Winterhalde;1136;955;181;0;601;2;8;593;601;0;200;136;22;80;70;37;7;2;5;1;0;0;3;0;25;2;0;3;0;0
006-12;006-92;20.09.2013;Bundestagswahl - Zweitstimmenergebnisse;U;Eichendorffschule;259;Stuttgart II;6;Bad Cannstatt;207;Winterhalde;1188;939;249;0;691;3;6;685;691;0;216;183;41;114;59;25;3;0;1;3;3;2;1;1;27;1;0;3;0;2
006-13;006-95;20.09.2013;Bundestagswahl - Zweitstimmenergebnisse;U;Martin-Luther-Schule;259;Stuttgart II;6;Bad Cannstatt;206;Seelberg;976;729;247;0;512;6;0;512;512;0;147;135;30;102;35;19;1;2;5;2;0;0;3;0;29;0;0;0;1;1
006-14;006-95;20.09.2013;Bundestagswahl - Zweitstimmenergebnisse;U;Seelbergtreff AWO;259;Stuttgart II;6;Bad Cannstatt;206;Seelberg;903;744;159;0;488;2;5;483;488;0;185;110;23;53;46;24;0;1;0;2;0;0;1;1;32;1;0;2;1;1
006-15;006-95;20.09.2013;Bundestagswahl - Zweitstimmenergebnisse;U;Kindergarten;259;Stuttgart II;6;Bad Cannstatt;206;Seelberg;885;712;173;0;503;6;6;497;503;0;162;126;16;63;48;22;2;2;3;3;1;1;2;1;34;1;1;7;2;0
006-16;006-95;20.09.2013;Bundestagswahl - Zweitstimmenergebnisse;U;Martin-Luther-Schule;259;Stuttgart II;6;Bad Cannstatt;206;Seelberg;1123;892;230;1;596;1;2;594;596;0;205;143;37;106;38;18;5;2;2;0;0;0;2;0;25;3;1;4;0;3
006-17;006-95;20.09.2013;Bundestagswahl - Zweitstimmenergebnisse;U;Martin-Luther-Schule;259;Stuttgart II;6;Bad Cannstatt;206;Seelberg;858;667;191;0;464;1;8;456;464;0;126;113;17;81;47;24;6;1;5;2;0;2;0;0;27;0;0;4;0;1
006-18;006-96;20.09.2013;Bundestagswahl - Zweitstimmenergebnisse;U;Amtsgericht Bad Cannstatt;259;Stuttgart II;6;Bad Cannstatt;204, 205;Kurpark, Cannstatt-Mitte;859;666;192;1;422;4;1;421;422;0;114;93;24;95;37;22;3;0;1;1;0;2;2;0;21;3;0;2;0;1
006-19;006-96;20.09.2013;Bundestagswahl - Zweitstimmenergebnisse;U;Verwaltungsgebäude;259;Stuttgart II;6;Bad Cannstatt;205;Cannstatt-Mitte;1060;837;223;0;545;9;2;543;545;0;174;128;30;93;42;26;5;1;4;2;0;1;0;1;30;2;0;4;0;0
006-20;006-96;20.09.2013;Bundestagswahl - Zweitstimmenergebnisse;U;Johannes-Kepler-Gymnasium;259;Stuttgart II;6;Bad Cannstatt;204, 205;Kurpark, Cannstatt-Mitte;965;738;227;0;449;1;4;445;449;0;145;121;22;81;36;15;0;0;9;0;0;0;0;0;12;0;1;2;0;1
006-21;006-96;20.09.2013;Bundestagswahl - Zweitstimmenergebnisse;U;Schillerschule;259;Stuttgart II;6;Bad Cannstatt;204;Kurpark;1077;811;266;0;558;0;3;555;558;0;177;124;26;121;52;18;0;0;3;2;0;2;2;0;25;0;0;2;1;0
006-22;006-96;20.09.2013;Bundestagswahl - Zweitstimmenergebnisse;U;Johannes-Kepler-Gymnasium;259;Stuttgart II;6;Bad Cannstatt;204;Kurpark;1281;1026;255;0;632;2;4;628;632;0;216;125;42;89;72;18;8;1;5;4;1;1;0;1;37;3;0;3;2;0
006-23;006-94;20.09.2013;Bundestagswahl - Zweitstimmenergebnisse;U;Gemeindesaal St. Martin;259;Stuttgart II;6;Bad Cannstatt;211;Neckarvorstadt;1583;1317;266;0;715;3;12;703;715;0;226;158;37;113;70;44;5;6;2;2;0;0;0;0;29;1;0;7;0;3
006-24;006-97;20.09.2013;Bundestagswahl - Zweitstimmenergebnisse;U;Altenburgschule;259;Stuttgart II;6;Bad Cannstatt;212, 213, 215;Pragstraße, Altenburg, Birkenäcker;996;788;208;0;496;1;3;493;496;0;177;133;25;76;44;8;2;6;4;3;0;0;0;0;12;1;0;1;1;0
006-25;006-97;20.09.2013;Bundestagswahl - Zweitstimmenergebnisse;U;Altenburgschule;259;Stuttgart II;6;Bad Cannstatt;213, 214, 215;Altenburg, Hallschlag, Birkenäcker;830;685;145;0;394;3;5;389;394;0;139;96;22;48;36;14;3;1;2;1;1;0;0;0;20;2;0;4;0;0
006-26;006-97;20.09.2013;Bundestagswahl - Zweitstimmenergebnisse;U;Altenburgschule;259;Stuttgart II;6;Bad Cannstatt;213, 214;Altenburg, Hallschlag;610;458;152;0;320;0;5;315;320;0;110;72;16;65;23;5;2;2;1;0;0;1;0;0;17;0;0;0;1;0
006-27;006-97;20.09.2013;Bundestagswahl - Zweitstimmenergebnisse;U;Carl-Benz-Schule;259;Stuttgart II;6;Bad Cannstatt;214;Hallschlag;999;839;158;2;417;1;4;413;417;0;119;127;20;49;47;29;3;0;4;1;0;0;0;0;12;0;0;1;0;1
006-28;006-99;20.09.2013;Bundestagswahl - Zweitstimmenergebnisse;U;Johannes-Gutenberg-Schule;259;Stuttgart II;6;Bad Cannstatt;214, 215;Hallschlag, Birkenäcker;1502;1249;253;0;759;1;12;747;759;0;296;193;49;68;61;20;7;5;5;0;0;0;2;0;29;1;0;7;1;3
006-29;006-94;20.09.2013;Bundestagswahl - Zweitstimmenergebnisse;U;Gemeindesaal St. Peter;259;Stuttgart II;6;Bad Cannstatt;210;Im Geiger;1043;735;308;0;565;9;4;561;565;0;274;117;60;46;28;5;0;3;3;0;1;1;1;0;16;2;1;0;1;2
006-30;006-97;20.09.2013;Bundestagswahl - Zweitstimmenergebnisse;U;Carl-Benz-Schule;259;Stuttgart II;6;Bad Cannstatt;214;Hallschlag;949;827;122;0;431;0;5;426;431;0;174;119;12;43;33;9;3;1;4;1;0;0;0;0;14;9;0;1;0;3
006-31;006-99;20.09.2013;Bundestagswahl - Zweitstimmenergebnisse;U;Jugendhaus Hallschlag;259;Stuttgart II;6;Bad Cannstatt;215;Birkenäcker;938;726;212;0;444;3;11;433;444;0;172;114;23;43;42;6;3;1;2;2;1;0;2;0;21;0;0;1;0;0
006-32;006-91;20.09.2013;Bundestagswahl - Zweitstimmenergebnisse;U;Städtischer Kindergarten;259;Stuttgart II;6;Bad Cannstatt;201;Muckensturm;960;707;253;0;567;0;6;561;567;0;232;156;36;70;21;11;2;1;0;3;0;0;0;0;25;0;0;4;0;0
006-33;006-99;20.09.2013;Bundestagswahl - Zweitstimmenergebnisse;U;Grundschule Burgholzhof;259;Stuttgart II;6;Bad Cannstatt;221;Burgholzhof;1506;1294;212;0;912;4;11;901;912;0;315;189;44;143;97;25;7;3;5;2;0;0;4;0;50;8;0;7;1;1
006-34;006-98;20.09.2013;Bundestagswahl - Zweitstimmenergebnisse;U;Ev. Gemeindesaal;259;Stuttgart II;6;Bad Cannstatt;231;Sommerrain;1467;1105;362;0;785;2;11;774;785;0;335;190;50;73;46;16;6;3;7;9;0;1;1;0;32;0;0;3;0;2
006-35;006-98;20.09.2013;Bundestagswahl - Zweitstimmenergebnisse;U;Ev. Gemeindesaal;259;Stuttgart II;6;Bad Cannstatt;231;Sommerrain;874;626;248;0;506;1;3;503;506;0;235;114;26;79;9;10;3;2;1;2;0;1;0;0;21;0;0;0;0;0
006-36;006-91;20.09.2013;Bundestagswahl - Zweitstimmenergebnisse;U;Steinhaldenfeldschule;259;Stuttgart II;6;Bad Cannstatt;241;Steinhaldenfeld;748;589;159;0;426;1;6;420;426;0;180;96;35;46;18;11;5;5;1;1;1;1;0;0;19;0;0;0;0;1
006-37;006-91;20.09.2013;Bundestagswahl - Zweitstimmenergebnisse;U;Steinhaldenfeldschule;259;Stuttgart II;6;Bad Cannstatt;241;Steinhaldenfeld;881;632;249;0;461;3;3;458;461;0;205;126;16;38;25;11;2;2;1;2;0;0;1;0;26;0;0;3;0;0
006-38;006-91;20.09.2013;Bundestagswahl - Zweitstimmenergebnisse;U;Ev. Kindertageseinrichtung;259;Stuttgart II;6;Bad Cannstatt;241;Steinhaldenfeld;848;721;127;0;526;5;5;521;526;0;203;127;25;65;39;8;0;5;0;0;4;3;0;0;33;1;4;3;0;1
006-91;006-91;20.09.2013;Bundestagswahl - Zweitstimmenergebnisse;B;Briefwahlbezirk;259;Stuttgart II;6;Bad Cannstatt;-;-;0;0;0;0;761;761;5;756;0;761;317;181;56;84;37;12;7;7;3;3;1;0;1;0;32;0;0;9;1;5
006-92;006-92;20.09.2013;Bundestagswahl - Zweitstimmenergebnisse;B;Briefwahlbezirk;259;Stuttgart II;6;Bad Cannstatt;-;-;0;0;0;0;945;945;4;941;0;945;320;204;56;196;53;35;11;3;8;1;1;4;0;0;39;0;0;6;0;4
006-93;006-93;20.09.2013;Bundestagswahl - Zweitstimmenergebnisse;B;Briefwahlbezirk;259;Stuttgart II;6;Bad Cannstatt;-;-;0;0;0;0;918;918;8;910;0;918;368;201;76;139;37;22;6;1;8;2;3;2;1;0;36;0;0;4;0;4
006-94;006-94;20.09.2013;Bundestagswahl - Zweitstimmenergebnisse;B;Briefwahlbezirk;259;Stuttgart II;6;Bad Cannstatt;-;-;0;0;0;0;948;948;4;944;0;948;383;148;135;137;55;25;8;5;6;2;0;0;2;0;23;2;0;5;0;8
006-95;006-95;20.09.2013;Bundestagswahl - Zweitstimmenergebnisse;B;Briefwahlbezirk;259;Stuttgart II;6;Bad Cannstatt;-;-;0;0;0;0;935;935;3;932;0;935;310;210;57;204;47;33;4;3;15;3;0;3;2;1;30;0;0;6;0;4
006-96;006-96;20.09.2013;Bundestagswahl - Zweitstimmenergebnisse;B;Briefwahlbezirk;259;Stuttgart II;6;Bad Cannstatt;-;-;0;0;0;0;1089;1089;12;1077;0;1089;367;220;94;226;59;35;5;5;10;6;1;1;0;1;33;0;1;7;0;6
006-97;006-97;20.09.2013;Bundestagswahl - Zweitstimmenergebnisse;B;Briefwahlbezirk;259;Stuttgart II;6;Bad Cannstatt;-;-;0;0;0;0;744;744;8;736;0;744;307;152;49;112;45;20;5;6;3;3;0;3;0;0;21;1;0;5;0;4
006-98;006-98;20.09.2013;Bundestagswahl - Zweitstimmenergebnisse;B;Briefwahlbezirk;259;Stuttgart II;6;Bad Cannstatt;-;-;0;0;0;0;778;778;5;773;0;778;330;153;53;134;41;14;5;1;2;3;0;1;0;0;30;1;0;4;0;1
006-99;006-99;20.09.2013;Bundestagswahl - Zweitstimmenergebnisse;B;Briefwahlbezirk;259;Stuttgart II;6;Bad Cannstatt;-;-;0;0;0;0;641;641;4;637;0;641;279;124;49;99;40;16;1;0;2;2;1;0;0;0;20;0;0;1;0;3
007-01;007-91;20.09.2013;Bundestagswahl - Zweitstimmenergebnisse;U;Grundschule Birkach;258;Stuttgart I;7;Birkach;261;Birkach-Nord;1074;824;250;0;551;0;6;545;551;0;211;138;38;72;38;9;3;1;1;5;2;1;2;0;21;0;0;2;0;1
007-02;007-91;20.09.2013;Bundestagswahl - Zweitstimmenergebnisse;U;Grundschule Birkach;258;Stuttgart I;7;Birkach;262;Birkach-Süd;1253;854;399;0;639;4;10;629;639;0;232;148;48;102;32;26;4;0;2;4;0;0;0;0;25;0;0;6;0;0
007-03;007-91;20.09.2013;Bundestagswahl - Zweitstimmenergebnisse;U;Grundschule Birkach;258;Stuttgart I;7;Birkach;262;Birkach-Süd;1318;904;414;0;636;4;3;633;636;0;244;157;35;131;23;13;2;1;2;4;0;0;2;0;16;0;0;1;0;2
007-04;007-91;20.09.2013;Bundestagswahl - Zweitstimmenergebnisse;U;Seniorenzentrum Schönberg;258;Stuttgart I;7;Birkach;271;Schönberg;1102;767;335;0;600;5;5;595;600;0;298;93;78;71;19;2;0;1;1;1;1;1;0;1;27;1;0;0;0;0
007-91;007-91;20.09.2013;Bundestagswahl - Zweitstimmenergebnisse;B;Briefwahlbezirk;258;Stuttgart I;7;Birkach;-;-;0;0;0;0;1333;1333;5;1328;0;1333;593;218;143;227;40;23;4;2;6;8;0;1;0;0;53;0;1;6;0;3
008-01;008-92;20.09.2013;Bundestagswahl - Zweitstimmenergebnisse;U;Bezirksrathaus Botnang;259;Stuttgart II;8;Botnang;293;Botnang-Ost;910;652;258;0;471;3;1;470;471;0;176;94;23;82;46;13;1;0;4;1;0;3;0;0;20;1;0;5;0;1
008-02;008-92;20.09.2013;Bundestagswahl - Zweitstimmenergebnisse;U;Ev. Gemeindezentrum;259;Stuttgart II;8;Botnang;293;Botnang-Ost;667;503;164;0;339;1;1;338;339;0;106;84;24;67;29;5;0;1;1;1;0;0;0;1;12;0;0;5;1;1
008-03;008-92;20.09.2013;Bundestagswahl - Zweitstimmenergebnisse;U;Kath. Kirche St. Clemens;259;Stuttgart II;8;Botnang;294;Botnang-Süd;961;663;298;0;472;3;4;468;472;0;156;106;54;96;22;8;1;1;4;1;0;0;0;0;17;0;0;2;0;0
008-04;008-93;20.09.2013;Bundestagswahl - Zweitstimmenergebnisse;U;Feuerwehrhaus;259;Stuttgart II;8;Botnang;294;Botnang-Süd;1429;954;475;0;786;5;5;781;786;0;373;156;53;90;35;14;3;2;6;0;0;0;1;0;42;0;0;6;0;0
008-05;008-91;20.09.2013;Bundestagswahl - Zweitstimmenergebnisse;U;Kirchhaldenschule;259;Stuttgart II;8;Botnang;295;Botnang-West;1353;901;451;1;760;8;4;756;760;0;314;124;95;122;30;13;0;1;4;0;1;0;0;0;46;1;0;4;0;1
008-06;008-91;20.09.2013;Bundestagswahl - Zweitstimmenergebnisse;U;Kath. Gemeindezentrum;259;Stuttgart II;8;Botnang;292;Botnang-Nord;921;699;222;0;460;6;1;459;460;0;209;112;28;36;32;4;2;1;4;2;0;0;0;0;24;0;0;3;1;1
008-07;008-93;20.09.2013;Bundestagswahl - Zweitstimmenergebnisse;U;Bürgerhaus Botnang;259;Stuttgart II;8;Botnang;294;Botnang-Süd;1203;785;418;0;655;4;5;650;655;0;275;143;64;82;22;7;2;0;4;0;0;0;2;1;38;2;0;6;1;1
008-08;008-92;20.09.2013;Bundestagswahl - Zweitstimmenergebnisse;U;Franz-Schubert-Schule;259;Stuttgart II;8;Botnang;293;Botnang-Ost;779;590;189;0;413;2;6;407;413;0;155;78;20;59;35;10;0;1;5;0;0;1;1;0;35;0;0;5;2;0
008-09;008-91;20.09.2013;Bundestagswahl - Zweitstimmenergebnisse;U;Ev.Gemeindehaus Spitalwald;259;Stuttgart II;8;Botnang;292;Botnang-Nord;842;685;157;0;442;0;3;439;442;0;191;124;20;34;29;7;1;0;3;2;1;0;0;0;26;0;0;0;0;1
008-91;008-91;20.09.2013;Bundestagswahl - Zweitstimmenergebnisse;B;Briefwahlbezirk;259;Stuttgart II;8;Botnang;-;-;0;0;0;0;783;783;2;781;0;783;312;152;90;121;46;7;0;2;4;4;1;0;0;0;32;1;0;4;1;4
008-92;008-92;20.09.2013;Bundestagswahl - Zweitstimmenergebnisse;B;Briefwahlbezirk;259;Stuttgart II;8;Botnang;-;-;0;0;0;0;864;864;5;859;0;864;342;162;83;162;43;14;5;1;1;3;0;1;0;0;37;0;0;4;1;0
008-93;008-93;20.09.2013;Bundestagswahl - Zweitstimmenergebnisse;B;Briefwahlbezirk;259;Stuttgart II;8;Botnang;-;-;0;0;0;0;857;857;8;849;0;857;387;146;98;130;24;7;3;1;3;2;1;0;0;0;39;0;1;4;0;3
009-01;009-91;20.09.2013;Bundestagswahl - Zweitstimmenergebnisse;U;Evangelische Haigstkirche;258;Stuttgart I;9;Degerloch;314;Haigst;1236;821;415;0;703;14;5;698;703;0;282;126;103;109;41;7;0;1;2;2;0;0;1;0;23;0;0;1;0;0
009-02;009-91;20.09.2013;Bundestagswahl - Zweitstimmenergebnisse;U;Tageseinrichtung f. Kinder;258;Stuttgart I;9;Degerloch;311;Degerloch;747;532;215;0;385;1;5;380;385;0;159;78;43;57;23;5;1;0;1;1;0;0;0;0;9;0;0;3;0;0
009-03;009-91;20.09.2013;Bundestagswahl - Zweitstimmenergebnisse;U;Bürgerhaus;258;Stuttgart I;9;Degerloch;311;Degerloch;826;547;279;0;450;3;2;448;450;0;171;91;32;84;36;9;2;0;0;1;0;1;1;0;16;1;0;2;1;0
009-04;009-91;20.09.2013;Bundestagswahl - Zweitstimmenergebnisse;U;Bürgerhaus;258;Stuttgart I;9;Degerloch;311;Degerloch;857;566;291;0;454;4;3;451;454;0;183;87;46;83;14;11;0;1;4;0;1;0;0;0;16;0;1;1;2;1
009-05;009-93;20.09.2013;Bundestagswahl - Zweitstimmenergebnisse;U;Albschule;258;Stuttgart I;9;Degerloch;311, 313;Degerloch, Tränke;1009;770;239;0;548;7;7;541;548;0;223;125;34;59;41;11;5;4;4;0;0;2;0;1;27;0;0;4;0;1
009-06;009-92;20.09.2013;Bundestagswahl - Zweitstimmenergebnisse;U;Filderschule;258;Stuttgart I;9;Degerloch;311;Degerloch;1109;815;294;0;644;4;1;643;644;0;264;133;56;95;45;11;2;0;5;4;0;0;0;0;25;0;0;3;0;0
009-07;009-92;20.09.2013;Bundestagswahl - Zweitstimmenergebnisse;U;Filderschule;258;Stuttgart I;9;Degerloch;311;Degerloch;1002;700;302;0;542;4;3;539;542;0;198;119;41;91;36;12;0;0;2;3;2;0;0;2;29;1;0;1;0;2
009-08;009-93;20.09.2013;Bundestagswahl - Zweitstimmenergebnisse;U;Filderschule;258;Stuttgart I;9;Degerloch;312;Waldau;750;525;225;0;423;1;3;420;423;0;170;83;27;82;32;3;1;0;0;1;0;0;0;0;20;0;0;0;1;0
009-09;009-92;20.09.2013;Bundestagswahl - Zweitstimmenergebnisse;U;Filderschule;258;Stuttgart I;9;Degerloch;312;Waldau;852;608;244;0;525;1;1;524;525;0;222;97;72;73;13;15;1;0;1;3;1;0;0;0;21;0;0;3;1;1
009-10;009-92;20.09.2013;Bundestagswahl - Zweitstimmenergebnisse;U;Waldschule;258;Stuttgart I;9;Degerloch;312;Waldau;1051;681;370;0;543;10;2;541;543;0;250;86;74;64;23;14;1;0;1;1;0;0;0;0;24;0;0;3;0;0
009-11;009-93;20.09.2013;Bundestagswahl - Zweitstimmenergebnisse;U;Ev. Gemeindezentrum;258;Stuttgart I;9;Degerloch;321;Hoffeld;1041;744;297;0;629;0;5;624;629;0;254;154;47;84;33;5;0;2;2;0;0;0;0;0;37;1;1;1;0;3
009-12;009-93;20.09.2013;Bundestagswahl - Zweitstimmenergebnisse;U;Lothar-Christmann-Haus;258;Stuttgart I;9;Degerloch;321;Hoffeld;1241;952;289;0;734;1;7;727;734;0;342;130;52;94;35;16;1;2;1;3;1;0;0;0;45;0;0;3;0;2
009-91;009-91;20.09.2013;Bundestagswahl - Zweitstimmenergebnisse;B;Briefwahlbezirk;258;Stuttgart I;9;Degerloch;-;-;0;0;0;0;1122;1122;11;1111;0;1122;435;183;162;215;44;22;0;0;4;4;3;0;1;0;31;0;0;3;1;3
009-92;009-92;20.09.2013;Bundestagswahl - Zweitstimmenergebnisse;B;Briefwahlbezirk;258;Stuttgart I;9;Degerloch;-;-;0;0;0;0;1140;1140;2;1138;0;1140;463;192;171;203;29;14;1;3;8;6;1;1;0;0;37;0;0;4;1;4
009-93;009-93;20.09.2013;Bundestagswahl - Zweitstimmenergebnisse;B;Briefwahlbezirk;258;Stuttgart I;9;Degerloch;-;-;0;0;0;0;978;978;11;967;0;978;405;188;91;160;36;8;4;5;5;2;1;1;0;0;56;0;0;2;1;2
010-01;010-94;20.09.2013;Bundestagswahl - Zweitstimmenergebnisse;U;Louis-Leitz-Schule;259;Stuttgart II;10;Feuerbach;341, 342;Feuerbach-Ost, Siegelberg;512;401;110;1;245;2;4;241;245;0;84;71;11;23;22;6;0;1;0;1;0;2;0;0;18;0;0;1;0;1
010-02;010-94;20.09.2013;Bundestagswahl - Zweitstimmenergebnisse;U;Louis-Leitz-Schule;259;Stuttgart II;10;Feuerbach;343;Bahnhof Feuerbach;1117;877;240;0;473;0;14;459;473;0;162;122;28;49;45;14;1;0;4;0;1;1;1;0;27;0;0;2;1;1
010-03;010-94;20.09.2013;Bundestagswahl - Zweitstimmenergebnisse;U;Bismarckschule;259;Stuttgart II;10;Feuerbach;344;Feuerbach-Mitte;1226;958;268;0;623;1;7;616;623;0;223;159;31;88;48;14;2;4;2;0;0;0;1;0;36;5;0;3;0;0
010-04;010-92;20.09.2013;Bundestagswahl - Zweitstimmenergebnisse;U;Föhrichschule;259;Stuttgart II;10;Feuerbach;344;Feuerbach-Mitte;872;690;182;0;456;1;4;452;456;0;178;102;20;59;34;16;2;2;4;1;0;1;1;0;25;0;1;4;1;1
010-05;010-92;20.09.2013;Bundestagswahl - Zweitstimmenergebnisse;U;Bismarckschule;259;Stuttgart II;10;Feuerbach;344;Feuerbach-Mitte;906;688;218;0;503;7;3;500;503;0;185;107;29;74;28;17;6;2;6;0;2;1;5;0;35;0;1;1;1;0
010-06;010-92;20.09.2013;Bundestagswahl - Zweitstimmenergebnisse;U;Ev. Kirchengemeinde;259;Stuttgart II;10;Feuerbach;344;Feuerbach-Mitte;674;499;175;0;364;2;3;361;364;0;116;99;17;63;28;6;2;1;3;0;0;0;2;0;21;1;1;0;0;1
010-07;010-94;20.09.2013;Bundestagswahl - Zweitstimmenergebnisse;U;Kerschensteinerschule;259;Stuttgart II;10;Feuerbach;345;Lemberg/Föhrich;1497;1055;442;0;881;2;5;876;881;0;355;207;65;150;27;21;1;1;3;1;0;1;1;0;39;0;0;3;0;1
010-08;010-93;20.09.2013;Bundestagswahl - Zweitstimmenergebnisse;U;Ev.Freikirchliche Gemeinde;259;Stuttgart II;10;Feuerbach;345;Lemberg/Föhrich;726;502;224;0;393;2;2;391;393;0;180;78;46;32;19;6;2;1;2;0;0;1;1;0;22;0;0;1;0;0
010-09;010-93;20.09.2013;Bundestagswahl - Zweitstimmenergebnisse;U;AWO Begegnungsstätte;259;Stuttgart II;10;Feuerbach;345;Lemberg/Föhrich;1227;1008;219;0;707;7;9;698;707;0;272;188;44;86;35;10;3;2;3;2;0;0;0;1;45;0;0;6;0;1
010-10;010-93;20.09.2013;Bundestagswahl - Zweitstimmenergebnisse;U;Russisch-Orthodoxe;259;Stuttgart II;10;Feuerbach;345;Lemberg/Föhrich;637;481;156;0;358;5;5;353;358;0;137;79;22;51;23;13;2;2;0;4;0;0;1;1;12;4;1;1;0;0
010-11;010-93;20.09.2013;Bundestagswahl - Zweitstimmenergebnisse;U;Ev.Freikirchliche Gemeinde;259;Stuttgart II;10;Feuerbach;345;Lemberg/Föhrich;573;468;105;0;281;1;4;277;281;0;78;84;15;36;24;13;1;0;3;1;1;0;0;0;15;1;0;1;0;4
010-12;010-92;20.09.2013;Bundestagswahl - Zweitstimmenergebnisse;U;Realschule Feuerbach;259;Stuttgart II;10;Feuerbach;346;Hohe Warte;719;541;178;0;461;2;2;459;461;0;216;89;43;59;17;3;0;0;3;0;0;0;0;0;26;0;0;2;0;1
010-13;010-92;20.09.2013;Bundestagswahl - Zweitstimmenergebnisse;U;Realschule Feuerbach;259;Stuttgart II;10;Feuerbach;346;Hohe Warte;1084;843;241;0;522;2;10;512;522;0;206;137;21;45;40;12;3;1;5;1;1;0;3;0;32;1;1;2;1;0
010-14;010-91;20.09.2013;Bundestagswahl - Zweitstimmenergebnisse;U;Föhrichschule;259;Stuttgart II;10;Feuerbach;347;Feuerbacher Tal;817;611;206;0;426;1;2;424;426;0;181;101;28;62;17;12;2;1;2;1;0;0;0;0;12;1;0;4;0;0
010-15;010-91;20.09.2013;Bundestagswahl - Zweitstimmenergebnisse;U;Bachschule;259;Stuttgart II;10;Feuerbach;347;Feuerbacher Tal;1034;766;267;1;575;3;2;573;575;0;241;116;41;76;42;14;3;3;3;1;0;0;0;0;28;0;0;4;0;1
010-16;010-91;20.09.2013;Bundestagswahl - Zweitstimmenergebnisse;U;Tageseinrichtung f. Kinder;259;Stuttgart II;10;Feuerbach;347;Feuerbacher Tal;1219;901;318;0;648;2;10;638;648;0;242;131;52;81;65;20;2;2;4;1;1;0;0;0;28;2;0;7;0;0
010-17;010-91;20.09.2013;Bundestagswahl - Zweitstimmenergebnisse;U;Ev. Christophkirche;259;Stuttgart II;10;Feuerbach;348;An der Burg;880;527;353;0;438;8;2;436;438;0;222;66;60;47;17;4;0;0;0;2;0;0;0;0;18;0;0;0;0;0
010-18;010-93;20.09.2013;Bundestagswahl - Zweitstimmenergebnisse;U;TanzSportZentrum;259;Stuttgart II;10;Feuerbach;346;Hohe Warte;480;360;120;0;273;0;4;269;273;0;120;59;18;29;19;0;2;0;0;0;0;0;3;0;19;0;0;0;0;0
010-19;010-93;20.09.2013;Bundestagswahl - Zweitstimmenergebnisse;U;Realschule Feuerbach;259;Stuttgart II;10;Feuerbach;346;Hohe Warte;996;698;298;0;566;0;6;560;566;0;251;124;46;51;20;11;1;2;1;1;0;1;2;0;45;1;0;3;0;0
010-91;010-91;20.09.2013;Bundestagswahl - Zweitstimmenergebnisse;B;Briefwahlbezirk;259;Stuttgart II;10;Feuerbach;-;-;0;0;0;0;1083;1083;1;1082;0;1083;495;179;165;128;35;17;2;3;2;6;0;1;1;1;36;0;0;10;0;1
010-92;010-92;20.09.2013;Bundestagswahl - Zweitstimmenergebnisse;B;Briefwahlbezirk;259;Stuttgart II;10;Feuerbach;-;-;0;0;0;0;931;931;5;926;0;931;347;202;102;160;34;21;3;3;5;0;1;1;0;0;35;0;0;6;0;6
010-93;010-93;20.09.2013;Bundestagswahl - Zweitstimmenergebnisse;B;Briefwahlbezirk;259;Stuttgart II;10;Feuerbach;-;-;0;0;0;0;1069;1069;3;1066;0;1069;496;188;82;176;29;27;2;2;11;3;0;1;1;0;41;0;0;3;0;4
010-94;010-94;20.09.2013;Bundestagswahl - Zweitstimmenergebnisse;B;Briefwahlbezirk;259;Stuttgart II;10;Feuerbach;-;-;0;0;0;0;1012;1012;10;1002;0;1012;400;169;97;176;45;37;5;5;3;3;1;2;0;0;51;0;1;3;1;3
011-01;011-91;20.09.2013;Bundestagswahl - Zweitstimmenergebnisse;U;Emma-Reichle-Heim;258;Stuttgart I;11;Hedelfingen;361;Hedelfingen;546;424;122;0;304;1;1;303;304;0;119;88;17;25;22;5;2;1;1;0;0;0;0;0;20;0;0;2;0;1
011-02;011-91;20.09.2013;Bundestagswahl - Zweitstimmenergebnisse;U;Bezirksrathaus Hedelfingen;258;Stuttgart I;11;Hedelfingen;361, 362;Hedelfingen, Hafen;1306;1048;256;2;678;6;10;668;678;0;256;165;40;71;58;13;3;2;4;1;0;1;2;0;38;2;4;6;0;2
011-03;011-91;20.09.2013;Bundestagswahl - Zweitstimmenergebnisse;U;Freiwillige Feuerwehr;258;Stuttgart I;11;Hedelfingen;361;Hedelfingen;1294;973;321;0;687;6;10;677;687;0;279;140;45;80;50;22;5;4;4;2;1;2;0;0;28;0;3;7;2;3
011-04;011-91;20.09.2013;Bundestagswahl - Zweitstimmenergebnisse;U;Städtischer Kindergarten;258;Stuttgart I;11;Hedelfingen;371;Lederberg;448;340;108;0;263;0;1;262;263;0;122;51;17;29;16;7;4;0;1;0;0;0;0;0;14;0;0;0;0;1
011-05;011-92;20.09.2013;Bundestagswahl - Zweitstimmenergebnisse;U;Tiefenbachschule;258;Stuttgart I;11;Hedelfingen;381;Rohracker;964;787;177;0;583;3;6;577;583;0;252;144;42;66;25;10;2;0;1;1;3;2;0;0;21;3;1;3;0;1
011-06;011-92;20.09.2013;Bundestagswahl - Zweitstimmenergebnisse;U;Ev. Gemeindehaus Rohracker;258;Stuttgart I;11;Hedelfingen;381;Rohracker;1226;949;277;0;733;5;9;724;733;0;297;168;44;78;59;13;2;7;5;0;1;0;0;1;40;0;2;4;1;2
011-91;011-91;20.09.2013;Bundestagswahl - Zweitstimmenergebnisse;B;Briefwahlbezirk;258;Stuttgart I;11;Hedelfingen;-;-;0;0;0;0;765;765;4;761;0;765;338;158;60;91;42;11;6;1;8;5;0;2;0;1;29;0;1;6;0;2
011-92;011-92;20.09.2013;Bundestagswahl - Zweitstimmenergebnisse;B;Briefwahlbezirk;258;Stuttgart I;11;Hedelfingen;-;-;0;0;0;0;421;421;2;419;0;421;159;111;26;67;20;7;1;1;2;0;0;0;0;0;17;1;0;6;0;1
012-01;012-94;20.09.2013;Bundestagswahl - Zweitstimmenergebnisse;U;CVJM;258;Stuttgart I;12;Möhringen;401;Möhringen-Nord;1151;798;352;1;677;6;3;674;677;0;295;123;69;103;31;9;2;0;1;4;0;2;0;0;33;0;0;1;0;1
012-02;012-94;20.09.2013;Bundestagswahl - Zweitstimmenergebnisse;U;Riedseeschule;258;Stuttgart I;12;Möhringen;402;Möhringen-Mitte;1711;1231;480;0;911;4;10;901;911;0;385;174;84;124;41;28;7;1;2;1;4;0;1;0;37;3;0;8;1;0
012-03;012-92;20.09.2013;Bundestagswahl - Zweitstimmenergebnisse;U;Riedseeschule;258;Stuttgart I;12;Möhringen;402;Möhringen-Mitte;1202;873;329;0;678;2;3;675;678;0;278;140;49;102;31;29;6;2;3;2;1;0;0;0;26;0;0;5;0;1
012-04;012-92;20.09.2013;Bundestagswahl - Zweitstimmenergebnisse;U;Bürgertreff;258;Stuttgart I;12;Möhringen;403, 404;Wallgraben-Ost, Möhringen-Süd;1296;954;342;0;746;4;5;741;746;0;352;126;58;104;30;16;1;0;4;2;1;1;0;1;40;2;0;3;0;0
012-05;012-91;20.09.2013;Bundestagswahl - Zweitstimmenergebnisse;U;Anne-Frank-Realschule;258;Stuttgart I;12;Möhringen;404, 407;Möhringen-Süd, Fasanenhof-Ost;1323;919;404;0;765;3;11;754;765;0;347;146;69;100;18;9;3;0;2;4;3;1;0;0;43;5;0;3;0;1
012-06;012-93;20.09.2013;Bundestagswahl - Zweitstimmenergebnisse;U;Salzäckerschule;258;Stuttgart I;12;Möhringen;405;Möhringen-Ost;803;591;212;0;461;5;3;458;461;0;193;87;34;63;27;14;0;0;2;2;1;1;1;0;24;0;0;7;0;2
012-07;012-93;20.09.2013;Bundestagswahl - Zweitstimmenergebnisse;U;Kinderhaus Kick;258;Stuttgart I;12;Möhringen;405;Möhringen-Ost;1404;1057;347;0;792;2;3;789;792;0;315;184;44;126;54;9;6;4;4;5;0;0;0;2;31;0;0;5;0;0
012-08;012-93;20.09.2013;Bundestagswahl - Zweitstimmenergebnisse;U;Salzäckerschule;258;Stuttgart I;12;Möhringen;405, 406;Möhringen-Ost, Sternhäule;1117;780;337;0;548;2;1;547;548;0;229;136;47;50;21;6;5;1;1;5;1;0;0;0;35;0;0;8;0;2
012-09;012-93;20.09.2013;Bundestagswahl - Zweitstimmenergebnisse;U;Salzäckerschule;258;Stuttgart I;12;Möhringen;405;Möhringen-Ost;948;686;262;0;527;7;1;526;527;0;211;151;25;75;18;10;4;0;3;1;0;0;0;0;27;0;0;1;0;0
012-10;012-94;20.09.2013;Bundestagswahl - Zweitstimmenergebnisse;U;Pflegezentrum Bethanien;258;Stuttgart I;12;Möhringen;401;Möhringen-Nord;1361;1077;284;0;734;5;8;726;734;0;298;173;48;92;35;19;3;1;7;1;2;0;0;0;45;0;0;2;0;0
012-11;012-92;20.09.2013;Bundestagswahl - Zweitstimmenergebnisse;U;Ev. Gemeindezentrum;258;Stuttgart I;12;Möhringen;402;Möhringen-Mitte;1426;1036;389;1;827;10;8;819;827;0;365;182;48;110;37;21;1;0;6;4;1;1;0;0;40;1;0;2;0;0
012-12;012-91;20.09.2013;Bundestagswahl - Zweitstimmenergebnisse;U;Ev. Kirchengem. Fasanenhof;258;Stuttgart I;12;Möhringen;411;Fasanenhof;1227;1020;207;0;666;2;7;659;666;0;272;169;33;54;45;17;4;2;8;5;2;0;0;2;36;3;0;6;0;1
012-13;012-91;20.09.2013;Bundestagswahl - Zweitstimmenergebnisse;U;Fasanenhofschule;258;Stuttgart I;12;Möhringen;411;Fasanenhof;915;760;155;0;481;4;2;479;481;0;171;126;21;59;49;19;0;2;5;2;0;0;0;2;16;2;0;3;1;1
012-14;012-91;20.09.2013;Bundestagswahl - Zweitstimmenergebnisse;U;Wohnanlage Fasanenhof;258;Stuttgart I;12;Möhringen;411;Fasanenhof;871;750;121;0;519;3;5;514;519;0;192;144;21;68;31;15;9;0;3;0;0;1;1;0;23;1;0;5;0;0
012-15;012-91;20.09.2013;Bundestagswahl - Zweitstimmenergebnisse;U;Fasanenhofschule;258;Stuttgart I;12;Möhringen;411;Fasanenhof;1192;988;204;0;583;2;10;573;583;0;226;160;38;40;38;15;5;3;6;1;1;1;0;1;32;0;1;5;0;0
012-16;012-95;20.09.2013;Bundestagswahl - Zweitstimmenergebnisse;U;Ev. Gemeindezentrum;258;Stuttgart I;12;Möhringen;421;Sonnenberg;1484;939;545;0;807;11;0;807;807;0;359;130;91;139;34;12;5;0;1;2;1;0;0;0;27;0;0;3;0;3
012-17;012-95;20.09.2013;Bundestagswahl - Zweitstimmenergebnisse;U;Ev. Gemeindezentrum;258;Stuttgart I;12;Möhringen;421;Sonnenberg;1212;810;402;0;645;3;4;641;645;0;259;128;70;103;18;10;0;3;5;2;0;1;0;0;39;0;0;3;0;0
012-91;012-91;20.09.2013;Bundestagswahl - Zweitstimmenergebnisse;B;Briefwahlbezirk;258;Stuttgart I;12;Möhringen;-;-;0;0;0;0;1017;1017;8;1009;0;1017;413;232;81;132;50;25;7;7;7;2;2;3;1;3;32;0;2;6;0;4
012-92;012-92;20.09.2013;Bundestagswahl - Zweitstimmenergebnisse;B;Briefwahlbezirk;258;Stuttgart I;12;Möhringen;-;-;0;0;0;0;995;995;6;989;0;995;466;168;78;164;30;20;5;4;7;5;0;1;1;2;33;0;0;3;0;2
012-93;012-93;20.09.2013;Bundestagswahl - Zweitstimmenergebnisse;B;Briefwahlbezirk;258;Stuttgart I;12;Möhringen;-;-;0;0;0;0;1095;1095;4;1091;0;1095;461;214;119;167;40;13;3;1;10;8;1;1;0;2;34;0;0;5;1;11
012-94;012-94;20.09.2013;Bundestagswahl - Zweitstimmenergebnisse;B;Briefwahlbezirk;258;Stuttgart I;12;Möhringen;-;-;0;0;0;0;1078;1078;4;1074;0;1078;440;183;115;189;46;30;3;2;2;7;2;2;0;0;43;0;0;6;0;4
012-95;012-95;20.09.2013;Bundestagswahl - Zweitstimmenergebnisse;B;Briefwahlbezirk;258;Stuttgart I;12;Möhringen;-;-;0;0;0;0;895;895;1;894;0;895;404;140;137;128;23;13;2;0;0;4;0;1;0;0;41;0;0;1;0;0
013-01;013-91;20.09.2013;Bundestagswahl - Zweitstimmenergebnisse;U;Grundschule Mühlhausen;259;Stuttgart II;13;Mühlhausen;441;Mühlhausen;962;790;172;0;570;1;5;565;570;0;236;136;50;55;19;14;2;7;3;0;0;0;0;0;36;0;2;3;0;2
013-02;013-91;20.09.2013;Bundestagswahl - Zweitstimmenergebnisse;U;Bezirksamt Mühlhausen;259;Stuttgart II;13;Mühlhausen;441;Mühlhausen;1207;956;250;1;698;7;18;680;698;0;284;179;40;57;33;17;8;5;8;1;0;0;1;0;42;0;1;2;1;1
013-03;013-92;20.09.2013;Bundestagswahl - Zweitstimmenergebnisse;U;Ev. Michaelshaus;259;Stuttgart II;13;Mühlhausen;451;Freiberg;1200;1054;146;0;558;2;15;543;558;0;192;166;19;46;51;14;7;4;5;0;0;0;0;1;27;7;0;1;0;3
013-04;013-92;20.09.2013;Bundestagswahl - Zweitstimmenergebnisse;U;Herbert-Hoover-Schule;259;Stuttgart II;13;Mühlhausen;451;Freiberg;850;689;161;0;422;1;12;410;422;0;158;113;15;36;36;16;8;3;2;0;0;0;1;0;19;0;0;1;0;2
013-05;013-92;20.09.2013;Bundestagswahl - Zweitstimmenergebnisse;U;Herbert-Hoover-Schule;259;Stuttgart II;13;Mühlhausen;451;Freiberg;1027;805;222;0;528;1;13;515;528;0;257;107;33;48;31;4;2;1;3;1;1;0;0;0;23;1;0;2;0;1
013-06;013-92;20.09.2013;Bundestagswahl - Zweitstimmenergebnisse;U;Herbert-Hoover-Schule;259;Stuttgart II;13;Mühlhausen;451;Freiberg;728;604;124;0;321;0;1;320;321;0;108;86;7;27;39;11;3;6;0;0;1;2;0;0;18;3;3;4;0;2
013-07;013-92;20.09.2013;Bundestagswahl - Zweitstimmenergebnisse;U;Herbert-Hoover-Schule;259;Stuttgart II;13;Mühlhausen;451;Freiberg;737;619;118;0;413;0;10;403;413;0;156;111;11;32;40;11;13;0;3;2;0;0;1;0;15;5;0;2;0;1
013-08;013-92;20.09.2013;Bundestagswahl - Zweitstimmenergebnisse;U;Haus St. Ulrich;259;Stuttgart II;13;Mühlhausen;461;Mönchfeld;1009;881;128;0;470;2;8;462;470;0;186;123;25;34;35;12;4;1;2;2;0;0;0;1;26;2;1;5;1;2
013-09;013-92;20.09.2013;Bundestagswahl - Zweitstimmenergebnisse;U;Mönchfeldschule;259;Stuttgart II;13;Mühlhausen;461;Mönchfeld;1105;961;144;0;601;0;6;595;601;0;231;198;15;38;38;7;5;4;2;3;0;0;4;2;40;5;1;2;0;0
013-10;013-91;20.09.2013;Bundestagswahl - Zweitstimmenergebnisse;U;Grundschule Hofen;259;Stuttgart II;13;Mühlhausen;471;Hofen;878;630;248;0;482;2;5;477;482;0;238;96;20;46;33;10;4;2;3;0;0;0;1;0;23;0;0;1;0;0
013-11;013-91;20.09.2013;Bundestagswahl - Zweitstimmenergebnisse;U;Grundschule Hofen;259;Stuttgart II;13;Mühlhausen;471;Hofen;1110;869;241;0;647;1;4;643;647;0;316;136;40;41;30;12;9;1;4;3;0;1;0;1;35;2;4;3;0;5
013-12;013-91;20.09.2013;Bundestagswahl - Zweitstimmenergebnisse;U;Grundschule Hofen;259;Stuttgart II;13;Mühlhausen;471;Hofen;943;701;242;0;497;6;5;492;497;0;217;103;36;52;25;10;11;3;1;1;0;2;0;0;27;0;1;1;1;1
013-13;013-93;20.09.2013;Bundestagswahl - Zweitstimmenergebnisse;U;Jörg-Ratgeb-Schule;259;Stuttgart II;13;Mühlhausen;481;Neugereut;1093;895;198;0;573;2;8;565;573;0;244;162;9;41;38;8;7;3;2;0;1;0;1;0;43;0;0;1;1;4
013-14;013-93;20.09.2013;Bundestagswahl - Zweitstimmenergebnisse;U;Jörg-Ratgeb-Schule;259;Stuttgart II;13;Mühlhausen;481;Neugereut;975;765;210;0;480;1;9;471;480;0;218;132;23;29;33;8;2;3;3;0;0;0;0;0;17;1;0;0;0;2
013-15;013-93;20.09.2013;Bundestagswahl - Zweitstimmenergebnisse;U;Jörg-Ratgeb-Schule;259;Stuttgart II;13;Mühlhausen;481;Neugereut;1607;1344;263;0;842;5;11;831;842;0;342;222;26;70;74;18;4;3;5;0;1;1;1;0;49;9;0;4;0;2
013-16;013-93;20.09.2013;Bundestagswahl - Zweitstimmenergebnisse;U;Altenwohnanlage St. Monika;259;Stuttgart II;13;Mühlhausen;481;Neugereut;736;599;137;0;412;0;4;408;412;0;184;106;23;36;28;5;0;1;1;1;0;0;0;0;23;0;0;0;0;0
013-17;013-93;20.09.2013;Bundestagswahl - Zweitstimmenergebnisse;U;Altenwohnanlage St. Monika;259;Stuttgart II;13;Mühlhausen;481;Neugereut;806;718;88;0;390;1;15;375;390;0;171;84;8;39;37;6;3;1;8;4;1;0;0;0;12;0;0;0;0;1
013-91;013-91;20.09.2013;Bundestagswahl - Zweitstimmenergebnisse;B;Briefwahlbezirk;259;Stuttgart II;13;Mühlhausen;-;-;0;0;0;0;1103;1103;6;1097;0;1103;495;190;69;189;44;22;14;4;5;5;1;5;0;0;41;0;1;5;2;5
013-92;013-92;20.09.2013;Bundestagswahl - Zweitstimmenergebnisse;B;Briefwahlbezirk;259;Stuttgart II;13;Mühlhausen;-;-;0;0;0;0;971;971;4;967;0;971;391;271;41;104;69;17;10;13;6;1;0;6;0;0;29;0;0;2;0;7
013-93;013-93;20.09.2013;Bundestagswahl - Zweitstimmenergebnisse;B;Briefwahlbezirk;259;Stuttgart II;13;Mühlhausen;-;-;0;0;0;0;848;848;5;843;0;848;344;219;51;85;47;17;9;2;6;2;0;3;3;1;46;0;0;3;0;5
014-01;014-91;20.09.2013;Bundestagswahl - Zweitstimmenergebnisse;U;Kultur- u. Sportzentrum;259;Stuttgart II;14;Münster;501;Münster;866;699;167;0;481;4;7;474;481;0;203;125;23;40;27;10;5;0;3;1;1;0;1;0;29;1;2;1;2;0
014-02;014-91;20.09.2013;Bundestagswahl - Zweitstimmenergebnisse;U;Kultur- u. Sportzentrum;259;Stuttgart II;14;Münster;501;Münster;1155;903;252;0;600;4;11;589;600;0;236;139;33;62;42;19;6;1;5;5;1;0;2;0;31;1;0;5;0;1
014-03;014-91;20.09.2013;Bundestagswahl - Zweitstimmenergebnisse;U;Elise von König-Schule;259;Stuttgart II;14;Münster;501;Münster;1214;981;233;0;650;2;11;639;650;0;272;148;37;60;54;17;6;5;7;2;0;1;1;0;23;0;2;4;0;0
014-04;014-91;20.09.2013;Bundestagswahl - Zweitstimmenergebnisse;U;Wohn- und Pflegestift;259;Stuttgart II;14;Münster;501;Münster;838;709;129;0;420;2;17;403;420;0;171;92;17;46;27;14;1;3;1;2;0;0;0;0;24;2;0;2;0;1
014-91;014-91;20.09.2013;Bundestagswahl - Zweitstimmenergebnisse;B;Briefwahlbezirk;259;Stuttgart II;14;Münster;-;-;0;0;0;0;744;744;8;736;0;744;311;179;45;93;30;25;3;2;3;2;2;2;0;0;27;0;1;6;0;5
015-01;015-91;20.09.2013;Bundestagswahl - Zweitstimmenergebnisse;U;Begegnungsstätte der AWO;259;Stuttgart II;15;Obertürkheim;521;Obertürkheim;806;602;204;0;465;5;0;465;465;0;204;90;38;65;25;13;3;2;2;1;2;0;3;0;14;1;0;2;0;0
015-02;015-91;20.09.2013;Bundestagswahl - Zweitstimmenergebnisse;U;Sporthalle Obertürkheim;259;Stuttgart II;15;Obertürkheim;521;Obertürkheim;1038;839;199;0;515;6;3;512;515;0;200;142;32;56;34;12;3;3;0;1;0;0;1;0;26;1;0;1;0;0
015-03;015-91;20.09.2013;Bundestagswahl - Zweitstimmenergebnisse;U;Bezirksrath. Obertürkheim;259;Stuttgart II;15;Obertürkheim;521;Obertürkheim;1117;906;211;0;587;2;7;580;587;0;210;143;33;75;36;20;4;3;3;1;2;1;3;1;40;0;0;4;0;1
015-04;015-92;20.09.2013;Bundestagswahl - Zweitstimmenergebnisse;U;Grundschule Uhlbach;259;Stuttgart II;15;Obertürkheim;531;Uhlbach;1031;783;248;0;629;5;8;621;629;0;307;112;50;99;17;11;3;1;1;2;0;1;0;0;15;0;0;2;0;0
015-05;015-92;20.09.2013;Bundestagswahl - Zweitstimmenergebnisse;U;Grundschule Uhlbach;259;Stuttgart II;15;Obertürkheim;531;Uhlbach;1078;814;264;0;663;2;2;661;663;0;320;119;40;86;33;7;6;1;3;7;1;1;0;0;31;0;2;3;0;1
015-91;015-91;20.09.2013;Bundestagswahl - Zweitstimmenergebnisse;B;Briefwahlbezirk;259;Stuttgart II;15;Obertürkheim;-;-;0;0;0;0;582;582;2;580;0;582;260;103;55;86;25;15;4;1;1;3;0;0;1;0;22;0;0;1;0;3
015-92;015-92;20.09.2013;Bundestagswahl - Zweitstimmenergebnisse;B;Briefwahlbezirk;259;Stuttgart II;15;Obertürkheim;-;-;0;0;0;0;477;477;2;475;0;477;203;89;51;73;14;5;2;1;3;2;0;0;1;0;21;0;1;4;0;5
016-01;016-91;20.09.2013;Bundestagswahl - Zweitstimmenergebnisse;U;Zehntscheuer;258;Stuttgart I;16;Plieningen;551;Plieningen;1411;1064;347;0;807;1;1;806;807;0;344;165;61;108;32;20;6;6;7;1;0;3;0;0;45;0;0;7;1;0
016-02;016-91;20.09.2013;Bundestagswahl - Zweitstimmenergebnisse;U;Altes Rathaus Plieningen;258;Stuttgart I;16;Plieningen;551;Plieningen;1534;1132;402;0;843;7;3;840;843;0;345;187;63;120;40;17;8;0;3;3;1;0;0;0;48;2;1;2;0;0
016-03;016-92;20.09.2013;Bundestagswahl - Zweitstimmenergebnisse;U;SIMT/Steinbeis-Hochschule;258;Stuttgart I;16;Plieningen;551, 552;Plieningen, Chausseefeld;1401;1026;375;0;734;5;7;727;734;0;301;172;57;104;32;15;1;1;7;4;2;0;0;0;26;0;0;4;1;0
016-04;016-92;20.09.2013;Bundestagswahl - Zweitstimmenergebnisse;U;Paracelsus-Gymnasium;258;Stuttgart I;16;Plieningen;551;Plieningen;1444;1013;431;0;768;7;3;765;768;0;311;164;61;119;33;23;3;0;4;2;2;0;0;0;35;0;0;7;1;0
016-05;016-91;20.09.2013;Bundestagswahl - Zweitstimmenergebnisse;U;Ev. Gemeindezentrum;258;Stuttgart I;16;Plieningen;561, 581;Steckfeld, Hohenheim;1763;1266;497;0;916;11;3;913;916;0;337;231;51;158;43;25;2;0;5;6;1;0;1;0;46;4;0;2;1;0
016-06;016-92;20.09.2013;Bundestagswahl - Zweitstimmenergebnisse;U;Kirchliches Zentrum;258;Stuttgart I;16;Plieningen;571;Asemwald;878;638;240;0;538;4;3;535;538;0;221;131;50;56;21;8;1;2;3;1;0;0;1;0;38;0;0;1;0;1
016-07;016-92;20.09.2013;Bundestagswahl - Zweitstimmenergebnisse;U;Kirchliches Zentrum;258;Stuttgart I;16;Plieningen;571;Asemwald;459;336;123;0;274;0;10;264;274;0;104;80;25;22;17;0;1;0;2;0;0;0;0;0;12;0;0;0;0;1
016-91;016-91;20.09.2013;Bundestagswahl - Zweitstimmenergebnisse;B;Briefwahlbezirk;258;Stuttgart I;16;Plieningen;-;-;0;0;0;0;1166;1166;3;1163;0;1166;474;205;105;205;47;28;3;5;15;6;8;4;0;0;52;1;1;3;0;1
016-92;016-92;20.09.2013;Bundestagswahl - Zweitstimmenergebnisse;B;Briefwahlbezirk;258;Stuttgart I;16;Plieningen;-;-;0;0;0;0;1089;1089;3;1086;0;1089;440;214;99;205;39;20;5;2;4;9;0;0;1;0;41;1;0;3;1;2
017-01;017-91;20.09.2013;Bundestagswahl - Zweitstimmenergebnisse;U;Grundschule Sillenbuch;258;Stuttgart I;17;Sillenbuch;601;Sillenbuch;769;529;240;0;461;1;1;460;461;0;164;97;40;97;23;9;1;0;3;0;0;0;0;0;24;0;0;1;1;0
017-02;017-92;20.09.2013;Bundestagswahl - Zweitstimmenergebnisse;U;Alte Schule;258;Stuttgart I;17;Sillenbuch;601;Sillenbuch;1204;849;355;0;733;3;0;733;733;0;282;148;68;126;36;11;3;1;7;3;0;1;0;1;44;0;1;0;1;0
017-03;017-92;20.09.2013;Bundestagswahl - Zweitstimmenergebnisse;U;Grundschule Sillenbuch;258;Stuttgart I;17;Sillenbuch;601;Sillenbuch;1085;737;348;0;638;4;2;636;638;0;253;132;56;120;28;17;1;0;0;4;0;0;0;0;23;0;0;1;0;1
017-04;017-91;20.09.2013;Bundestagswahl - Zweitstimmenergebnisse;U;Atrium Sillenbuch;258;Stuttgart I;17;Sillenbuch;601;Sillenbuch;1327;878;449;0;737;2;3;734;737;0;312;138;68;112;41;10;7;1;3;6;1;0;0;0;31;0;1;1;1;1
017-05;017-91;20.09.2013;Bundestagswahl - Zweitstimmenergebnisse;U;Bezirksrathaus Sillenbuch;258;Stuttgart I;17;Sillenbuch;601;Sillenbuch;1269;851;418;0;717;8;7;710;717;0;270;147;50;128;48;19;3;1;0;1;0;0;0;0;39;0;0;2;1;1
017-06;017-92;20.09.2013;Bundestagswahl - Zweitstimmenergebnisse;U;Ehem. Rathaus Heumaden;258;Stuttgart I;17;Sillenbuch;611;Heumaden;1326;971;355;0;752;3;3;749;752;0;326;166;66;84;40;11;6;2;1;2;0;0;1;0;40;0;1;3;0;0
017-07;017-93;20.09.2013;Bundestagswahl - Zweitstimmenergebnisse;U;Grund- u. Werkrealschule;258;Stuttgart I;17;Sillenbuch;611;Heumaden;826;655;171;0;495;3;3;492;495;0;201;132;24;52;32;12;2;1;3;1;1;0;0;0;27;2;0;2;0;0
017-08;017-93;20.09.2013;Bundestagswahl - Zweitstimmenergebnisse;U;Grund- u. Werkrealschule;258;Stuttgart I;17;Sillenbuch;611;Heumaden;997;802;195;0;558;3;7;551;558;0;209;128;19;84;47;12;5;1;5;7;1;0;0;0;26;0;0;4;0;3
017-09;017-92;20.09.2013;Bundestagswahl - Zweitstimmenergebnisse;U;Birken-Realschule;258;Stuttgart I;17;Sillenbuch;611;Heumaden;945;673;272;0;547;1;5;542;547;0;239;124;43;62;34;12;0;3;0;0;0;0;0;0;24;0;0;1;0;0
017-10;017-93;20.09.2013;Bundestagswahl - Zweitstimmenergebnisse;U;Grund- u. Werkrealschule;258;Stuttgart I;17;Sillenbuch;611;Heumaden;779;551;228;0;410;2;2;408;410;0;169;106;14;59;27;10;1;0;0;0;0;0;0;0;14;4;0;0;1;3
017-11;017-93;20.09.2013;Bundestagswahl - Zweitstimmenergebnisse;U;Geschw.-Scholl-Gymnasium;258;Stuttgart I;17;Sillenbuch;611;Heumaden;809;571;238;0;459;1;7;452;459;0;212;99;31;58;19;3;1;0;0;0;0;0;2;0;23;0;0;1;1;2
017-12;017-93;20.09.2013;Bundestagswahl - Zweitstimmenergebnisse;U;Geschw.-Scholl-Gymnasium;258;Stuttgart I;17;Sillenbuch;611;Heumaden;841;634;207;0;446;3;5;441;446;0;190;101;21;56;26;4;2;4;0;2;0;0;0;0;28;1;2;4;0;0
017-13;017-94;20.09.2013;Bundestagswahl - Zweitstimmenergebnisse;U;Alte Schule Riedenberg;258;Stuttgart I;17;Sillenbuch;621;Riedenberg;823;580;243;0;459;2;2;457;459;0;199;95;30;76;21;9;1;0;1;3;0;0;1;0;19;0;0;1;1;0
017-14;017-94;20.09.2013;Bundestagswahl - Zweitstimmenergebnisse;U;Wohnstift Augustinum;258;Stuttgart I;17;Sillenbuch;621;Riedenberg;692;489;203;0;382;0;3;379;382;0;167;72;37;44;21;9;2;0;1;1;0;0;0;0;23;1;0;1;0;0
017-15;017-94;20.09.2013;Bundestagswahl - Zweitstimmenergebnisse;U;Ev. Emmauskirche;258;Stuttgart I;17;Sillenbuch;621;Riedenberg;1010;740;270;0;630;4;0;630;630;0;257;127;59;104;33;15;1;1;1;3;1;0;0;0;23;0;0;3;0;2
017-16;017-94;20.09.2013;Bundestagswahl - Zweitstimmenergebnisse;U;Wohnstift Augustinum;258;Stuttgart I;17;Sillenbuch;621;Riedenberg;805;688;117;0;582;2;8;574;582;0;345;93;63;49;4;0;1;1;1;0;1;0;0;0;14;0;0;0;0;2
017-17;017-94;20.09.2013;Bundestagswahl - Zweitstimmenergebnisse;U;Geschw.-Scholl-Gymnasium;258;Stuttgart I;17;Sillenbuch;621;Riedenberg;1367;1091;276;0;710;2;11;699;710;0;240;170;42;101;72;15;1;3;4;0;4;0;0;1;38;1;2;5;0;0
017-91;017-91;20.09.2013;Bundestagswahl - Zweitstimmenergebnisse;B;Briefwahlbezirk;258;Stuttgart I;17;Sillenbuch;-;-;0;0;0;0;1064;1064;5;1059;0;1064;467;165;126;176;53;17;0;1;4;4;2;0;0;0;40;0;1;0;1;2
017-92;017-92;20.09.2013;Bundestagswahl - Zweitstimmenergebnisse;B;Briefwahlbezirk;258;Stuttgart I;17;Sillenbuch;-;-;0;0;0;0;1235;1235;6;1229;0;1235;523;192;132;234;39;18;4;6;4;2;0;2;0;0;61;0;0;8;2;2
017-93;017-93;20.09.2013;Bundestagswahl - Zweitstimmenergebnisse;B;Briefwahlbezirk;258;Stuttgart I;17;Sillenbuch;-;-;0;0;0;0;995;995;4;991;0;995;458;170;92;154;31;16;2;5;1;2;2;0;0;1;43;0;0;8;0;6
017-94;017-94;20.09.2013;Bundestagswahl - Zweitstimmenergebnisse;B;Briefwahlbezirk;258;Stuttgart I;17;Sillenbuch;-;-;0;0;0;0;1055;1055;3;1052;0;1055;514;176;116;127;31;9;2;3;5;1;1;2;0;1;55;0;0;7;0;2
018-01;018-92;20.09.2013;Bundestagswahl - Zweitstimmenergebnisse;U;Grund- u. Werkrealschule;259;Stuttgart II;18;Stammheim;642;Stammheim-Mitte;775;640;135;0;454;0;6;448;454;0;189;94;29;45;45;12;0;0;6;0;0;0;2;0;23;1;0;1;0;1
018-02;018-92;20.09.2013;Bundestagswahl - Zweitstimmenergebnisse;U;Städtischer Kindergarten;259;Stuttgart II;18;Stammheim;641;Stammheim-Süd;1175;877;298;0;642;0;7;635;642;0;299;140;41;49;30;18;5;2;7;2;2;1;0;0;25;3;0;6;1;4
018-03;018-91;20.09.2013;Bundestagswahl - Zweitstimmenergebnisse;U;Luise-Schleppe-Haus;259;Stuttgart II;18;Stammheim;642;Stammheim-Mitte;1108;996;112;0;635;1;10;625;635;0;236;184;30;44;51;15;8;5;3;2;3;1;1;0;30;3;2;7;0;0
018-04;018-91;20.09.2013;Bundestagswahl - Zweitstimmenergebnisse;U;Schloss-Scheuer;259;Stuttgart II;18;Stammheim;642;Stammheim-Mitte;959;809;150;0;538;4;16;522;538;0;207;136;30;47;36;18;7;4;4;0;1;2;0;0;22;2;0;5;0;1
018-05;018-92;20.09.2013;Bundestagswahl - Zweitstimmenergebnisse;U;Kath. Kindergarten;259;Stuttgart II;18;Stammheim;641;Stammheim-Süd;1171;935;235;1;710;4;7;703;710;0;289;164;25;82;58;22;4;7;1;1;1;0;4;0;36;2;1;3;0;3
018-06;018-91;20.09.2013;Bundestagswahl - Zweitstimmenergebnisse;U;Städtischer Kindergarten;259;Stuttgart II;18;Stammheim;642;Stammheim-Mitte;908;737;171;0;529;1;3;526;529;0;255;99;33;36;45;13;4;2;5;0;2;0;1;0;24;0;1;3;1;2
018-07;018-91;20.09.2013;Bundestagswahl - Zweitstimmenergebnisse;U;Tageseinrichtung f. Kinder;259;Stuttgart II;18;Stammheim;642;Stammheim-Mitte;874;710;164;0;504;3;4;500;504;0;210;128;41;46;25;10;4;3;3;0;3;0;0;0;20;2;0;4;0;1
018-08;018-92;20.09.2013;Bundestagswahl - Zweitstimmenergebnisse;U;Ev. Gemeindehaus Arche;259;Stuttgart II;18;Stammheim;641;Stammheim-Süd;1135;877;258;0;710;5;10;700;710;0;284;179;43;66;31;20;3;1;6;2;1;1;1;0;53;0;3;3;1;2
018-91;018-91;20.09.2013;Bundestagswahl - Zweitstimmenergebnisse;B;Briefwahlbezirk;259;Stuttgart II;18;Stammheim;-;-;0;0;0;0;562;562;3;559;0;562;245;98;52;78;32;10;5;4;6;0;0;1;0;0;23;0;0;2;0;3
018-92;018-92;20.09.2013;Bundestagswahl - Zweitstimmenergebnisse;B;Briefwahlbezirk;259;Stuttgart II;18;Stammheim;-;-;0;0;0;0;875;875;7;868;0;875;371;183;75;102;44;18;4;6;10;3;0;3;0;0;29;0;0;11;1;8
019-01;019-91;20.09.2013;Bundestagswahl - Zweitstimmenergebnisse;U;Wilhelmsschule;259;Stuttgart II;19;Untertürkheim;661;Gehrenwald;945;714;231;0;502;2;4;498;502;0;204;108;36;59;30;14;5;2;2;1;0;0;4;1;26;3;0;1;0;2
019-02;019-91;20.09.2013;Bundestagswahl - Zweitstimmenergebnisse;U;Luginslandschule;259;Stuttgart II;19;Untertürkheim;661;Gehrenwald;1144;809;335;0;619;2;7;612;619;0;244;159;50;67;27;11;2;0;1;2;2;0;6;0;35;2;0;3;0;1
019-03;019-92;20.09.2013;Bundestagswahl - Zweitstimmenergebnisse;U;Luginslandschule;259;Stuttgart II;19;Untertürkheim;662;Flohberg;924;681;243;0;546;0;4;542;546;0;209;139;48;66;30;10;8;3;5;2;1;1;3;1;13;0;0;2;1;0
019-04;019-91;20.09.2013;Bundestagswahl - Zweitstimmenergebnisse;U;Ev. Gemeindehaus;259;Stuttgart II;19;Untertürkheim;663;Untertürkheim;674;583;91;0;330;3;4;326;330;0;112;98;23;37;19;10;2;1;1;1;0;0;2;0;16;2;0;1;1;0
019-05;019-91;20.09.2013;Bundestagswahl - Zweitstimmenergebnisse;U;Ev. Gemeindehaus;259;Stuttgart II;19;Untertürkheim;663;Untertürkheim;707;576;131;0;309;0;5;304;309;0;120;89;13;24;20;7;2;2;1;1;0;1;2;0;15;5;0;1;0;1
019-06;019-91;20.09.2013;Bundestagswahl - Zweitstimmenergebnisse;U;Ev. Gemeindehaus;259;Stuttgart II;19;Untertürkheim;663;Untertürkheim;930;771;159;0;535;0;7;528;535;0;213;129;38;58;35;10;2;0;5;1;4;2;0;1;24;4;0;2;0;0
019-07;019-91;20.09.2013;Bundestagswahl - Zweitstimmenergebnisse;U;Ev. Stadtkirche;259;Stuttgart II;19;Untertürkheim;663, 664, 665;Untertürkheim, Benzviertel, Lindenschulviertel;1365;1114;251;0;690;2;6;684;690;0;225;189;35;84;62;31;4;1;3;4;0;0;4;0;29;6;1;5;1;0
019-08;019-92;20.09.2013;Bundestagswahl - Zweitstimmenergebnisse;U;Begegnungsstätte der AWO;259;Stuttgart II;19;Untertürkheim;671;Luginsland;1123;894;229;0;649;2;4;645;649;0;290;173;27;67;30;8;5;1;3;1;0;0;0;0;33;1;0;4;1;1
019-09;019-92;20.09.2013;Bundestagswahl - Zweitstimmenergebnisse;U;Ev. Gartenstadtkirche;259;Stuttgart II;19;Untertürkheim;671;Luginsland;971;718;252;1;590;2;4;586;590;0;276;125;51;68;27;7;0;0;8;0;0;0;2;0;22;0;0;0;0;0
019-10;019-92;20.09.2013;Bundestagswahl - Zweitstimmenergebnisse;U;Turn- und Festhalle;259;Stuttgart II;19;Untertürkheim;681;Rotenberg;569;435;134;0;365;0;4;361;365;0;188;69;39;30;15;4;0;0;1;0;0;0;0;0;13;0;0;1;0;1
019-91;019-91;20.09.2013;Bundestagswahl - Zweitstimmenergebnisse;B;Briefwahlbezirk;259;Stuttgart II;19;Untertürkheim;-;-;0;0;0;0;1135;1135;6;1129;0;1135;453;233;78;172;62;36;7;2;3;2;1;1;6;0;47;2;1;9;2;12
019-92;019-92;20.09.2013;Bundestagswahl - Zweitstimmenergebnisse;B;Briefwahlbezirk;259;Stuttgart II;19;Untertürkheim;-;-;0;0;0;0;839;839;7;832;0;839;356;198;86;102;36;14;3;1;7;1;0;1;2;0;18;1;1;4;0;1
020-01;020-92;20.09.2013;Bundestagswahl - Zweitstimmenergebnisse;U;Fanny-Leicht-Gymnasium;258;Stuttgart I;20;Vaihingen;711;Vaihingen-Mitte;1157;828;329;0;589;4;1;588;589;0;232;131;41;84;34;28;5;0;0;3;1;0;1;0;20;1;0;3;0;4
020-02;020-91;20.09.2013;Bundestagswahl - Zweitstimmenergebnisse;U;Bezirksrathaus Vaihingen;258;Stuttgart I;20;Vaihingen;711;Vaihingen-Mitte;753;539;214;0;392;1;5;387;392;0;139;81;36;53;27;19;2;0;4;5;0;0;0;0;15;4;0;2;0;0
020-03;020-91;20.09.2013;Bundestagswahl - Zweitstimmenergebnisse;U;Österfeldschule;258;Stuttgart I;20;Vaihingen;711;Vaihingen-Mitte;1136;818;318;0;634;11;9;625;634;0;227;134;47;87;31;31;1;3;8;9;0;0;1;1;37;1;1;4;1;1
020-04;020-91;20.09.2013;Bundestagswahl - Zweitstimmenergebnisse;U;Österfeldschule;258;Stuttgart I;20;Vaihingen;711;Vaihingen-Mitte;1190;824;366;0;693;10;2;691;693;0;247;133;61;143;30;21;1;0;5;1;4;0;1;1;37;0;1;4;0;1
020-05;020-91;20.09.2013;Bundestagswahl - Zweitstimmenergebnisse;U;Österfeldschule;258;Stuttgart I;20;Vaihingen;712;Österfeld;1051;743;308;0;623;4;4;619;623;0;226;122;53;131;28;10;3;1;6;4;4;0;0;0;30;0;0;1;0;0
020-06;020-92;20.09.2013;Bundestagswahl - Zweitstimmenergebnisse;U;Fanny-Leicht-Gymnasium;258;Stuttgart I;20;Vaihingen;713;Höhenrand;985;694;291;0;565;5;1;564;565;0;225;106;59;90;30;15;3;0;4;4;1;0;0;0;22;0;0;4;0;1
020-07;020-92;20.09.2013;Bundestagswahl - Zweitstimmenergebnisse;U;Fanny-Leicht-Gymnasium;258;Stuttgart I;20;Vaihingen;713, 714;Höhenrand, Wallgraben-West;1276;928;348;0;690;7;5;685;690;0;266;137;54;97;50;21;6;1;4;4;0;1;0;0;34;1;0;6;1;2
020-08;020-92;20.09.2013;Bundestagswahl - Zweitstimmenergebnisse;U;Evangelisches Gemeindehaus;258;Stuttgart I;20;Vaihingen;715;Rosental;1108;871;237;0;613;0;5;608;613;0;220;129;39;100;43;27;0;0;3;3;0;1;0;0;39;0;0;4;0;0
020-09;020-96;20.09.2013;Bundestagswahl - Zweitstimmenergebnisse;U;Pestalozzischule;258;Stuttgart I;20;Vaihingen;715;Rosental;1153;755;398;0;668;5;4;664;668;0;257;132;58;129;24;8;3;0;8;4;0;1;1;0;35;0;0;4;0;0
020-10;020-93;20.09.2013;Bundestagswahl - Zweitstimmenergebnisse;U;Pestalozzischule;258;Stuttgart I;20;Vaihingen;716;Heerstraße;964;662;302;0;548;3;5;543;548;0;194;118;36;115;18;15;1;1;4;2;0;0;1;1;26;4;0;6;0;1
020-11;020-93;20.09.2013;Bundestagswahl - Zweitstimmenergebnisse;U;Bezirksrathaus Vaihingen;258;Stuttgart I;20;Vaihingen;716;Heerstraße;889;617;272;0;486;8;5;481;486;0;198;94;29;75;30;11;6;0;2;1;2;0;3;0;20;9;0;1;0;0
020-12;020-93;20.09.2013;Bundestagswahl - Zweitstimmenergebnisse;U;Österfeldschule;258;Stuttgart I;20;Vaihingen;716;Heerstraße;596;410;186;0;302;0;3;299;302;0;117;59;14;54;16;19;3;0;2;1;2;0;0;0;10;0;0;1;0;1
020-13;020-93;20.09.2013;Bundestagswahl - Zweitstimmenergebnisse;U;Kath. Kirchengemeinde;258;Stuttgart I;20;Vaihingen;716;Heerstraße;1208;900;308;0;710;2;6;704;710;0;266;160;46;118;31;15;5;0;3;2;0;0;1;0;47;0;1;7;1;1
020-14;020-94;20.09.2013;Bundestagswahl - Zweitstimmenergebnisse;U;Commundo Tagungshotels;258;Stuttgart I;20;Vaihingen;718;Dachswald;1496;1038;458;0;866;3;3;863;866;0;339;155;100;141;45;20;3;1;4;3;0;0;0;0;49;0;0;1;1;1
020-15;020-97;20.09.2013;Bundestagswahl - Zweitstimmenergebnisse;U;Bürgerhaus;258;Stuttgart I;20;Vaihingen;717;Lauchäcker;1579;1378;200;1;929;6;13;916;929;0;295;217;64;153;78;35;7;0;2;2;4;1;2;1;38;12;0;2;0;3
020-16;020-94;20.09.2013;Bundestagswahl - Zweitstimmenergebnisse;U;Waldheim Sonnenwinkel;258;Stuttgart I;20;Vaihingen;718;Dachswald;1534;969;565;0;805;2;4;801;805;0;317;159;96;120;34;18;2;0;2;0;1;1;0;1;43;2;2;1;1;1
020-17;020-97;20.09.2013;Bundestagswahl - Zweitstimmenergebnisse;U;Commundo Tagungshotels;258;Stuttgart I;20;Vaihingen;719;Pfaffenwald;1380;995;385;0;626;4;3;623;626;0;158;159;43;108;40;67;2;2;4;7;2;1;1;1;24;0;0;3;1;0
020-18;020-97;20.09.2013;Bundestagswahl - Zweitstimmenergebnisse;U;Steinbachschule;258;Stuttgart I;20;Vaihingen;721;Büsnau;895;731;164;0;497;1;6;491;497;0;237;87;25;52;24;14;7;2;4;1;0;1;0;0;32;0;1;2;2;0
020-19;020-97;20.09.2013;Bundestagswahl - Zweitstimmenergebnisse;U;Steinbachschule;258;Stuttgart I;20;Vaihingen;721;Büsnau;873;690;183;0;478;3;8;470;478;0;214;78;24;53;51;15;4;4;1;3;0;0;0;0;19;3;0;1;0;0
020-20;020-95;20.09.2013;Bundestagswahl - Zweitstimmenergebnisse;U;Schönbuchschule;258;Stuttgart I;20;Vaihingen;731;Rohr;943;693;249;1;587;8;9;578;587;0;230;121;36;99;31;17;1;1;5;3;1;0;0;0;32;0;0;1;0;0
020-21;020-95;20.09.2013;Bundestagswahl - Zweitstimmenergebnisse;U;Vereinshaus Rohr;258;Stuttgart I;20;Vaihingen;731;Rohr;1095;807;288;0;662;7;7;655;662;0;255;132;55;89;37;28;0;2;6;5;0;0;0;0;39;2;0;5;0;0
020-22;020-96;20.09.2013;Bundestagswahl - Zweitstimmenergebnisse;U;Vereinshaus Rohr;258;Stuttgart I;20;Vaihingen;731;Rohr;1051;731;320;0;594;0;3;591;594;0;237;132;43;90;31;19;4;1;4;2;0;0;0;0;23;0;2;1;0;2
020-23;020-96;20.09.2013;Bundestagswahl - Zweitstimmenergebnisse;U;Hans-Rehn-Stift;258;Stuttgart I;20;Vaihingen;731;Rohr;811;640;171;0;481;2;1;480;481;0;216;94;40;70;20;9;1;1;6;0;0;0;1;0;16;1;0;4;0;1
020-24;020-96;20.09.2013;Bundestagswahl - Zweitstimmenergebnisse;U;Hans-Rehn-Stift;258;Stuttgart I;20;Vaihingen;731;Rohr;884;635;249;0;546;2;2;544;546;0;269;112;52;52;14;7;1;1;3;2;0;0;0;0;29;0;0;1;0;1
020-25;020-93;20.09.2013;Bundestagswahl - Zweitstimmenergebnisse;U;Haus Rohrer Höhe;258;Stuttgart I;20;Vaihingen;731;Rohr;1081;822;259;0;695;4;5;690;695;0;305;176;47;71;28;10;3;1;2;0;2;3;0;1;36;0;0;3;0;2
020-26;020-95;20.09.2013;Bundestagswahl - Zweitstimmenergebnisse;U;Schönbuchschule;258;Stuttgart I;20;Vaihingen;741;Dürrlewang;779;608;171;0;400;3;2;398;400;0;170;92;9;34;45;12;2;2;3;1;2;0;0;0;21;1;0;3;0;1
020-27;020-95;20.09.2013;Bundestagswahl - Zweitstimmenergebnisse;U;Ev. Gemeindehaus;258;Stuttgart I;20;Vaihingen;741;Dürrlewang;977;780;197;0;485;5;4;481;485;0;148;155;19;59;40;20;1;1;4;1;3;1;0;0;25;0;0;1;0;3
020-28;020-95;20.09.2013;Bundestagswahl - Zweitstimmenergebnisse;U;Schönbuchschule;258;Stuttgart I;20;Vaihingen;741;Dürrlewang;678;558;120;0;371;2;3;368;371;0;121;102;26;50;27;12;2;1;3;1;2;0;0;0;15;4;0;2;0;0
020-91;020-91;20.09.2013;Bundestagswahl - Zweitstimmenergebnisse;B;Briefwahlbezirk;258;Stuttgart I;20;Vaihingen;-;-;0;0;0;0;1144;1144;6;1138;0;1144;466;185;97;239;39;34;2;2;6;8;1;1;1;0;49;0;1;4;1;2
020-92;020-92;20.09.2013;Bundestagswahl - Zweitstimmenergebnisse;B;Briefwahlbezirk;258;Stuttgart I;20;Vaihingen;-;-;0;0;0;0;1129;1129;2;1127;0;1129;448;232;97;206;37;42;2;0;3;1;2;0;0;0;49;0;0;4;1;3
020-93;020-93;20.09.2013;Bundestagswahl - Zweitstimmenergebnisse;B;Briefwahlbezirk;258;Stuttgart I;20;Vaihingen;-;-;0;0;0;0;1257;1257;2;1255;0;1257;489;238;116;240;47;44;5;2;8;4;1;3;1;1;40;0;0;9;1;6
020-94;020-94;20.09.2013;Bundestagswahl - Zweitstimmenergebnisse;B;Briefwahlbezirk;258;Stuttgart I;20;Vaihingen;-;-;0;0;0;0;987;987;1;986;0;987;453;147;131;141;31;21;2;0;3;2;1;1;1;1;46;0;1;3;1;0
020-95;020-95;20.09.2013;Bundestagswahl - Zweitstimmenergebnisse;B;Briefwahlbezirk;258;Stuttgart I;20;Vaihingen;-;-;0;0;0;0;945;945;5;940;0;945;358;214;77;165;40;23;6;1;4;6;1;1;0;0;37;1;0;3;0;3
020-96;020-96;20.09.2013;Bundestagswahl - Zweitstimmenergebnisse;B;Briefwahlbezirk;258;Stuttgart I;20;Vaihingen;-;-;0;0;0;0;1082;1082;3;1079;0;1082;478;172;113;177;35;25;3;1;6;4;2;0;0;0;52;0;1;5;2;3
020-97;020-97;20.09.2013;Bundestagswahl - Zweitstimmenergebnisse;B;Briefwahlbezirk;258;Stuttgart I;20;Vaihingen;-;-;0;0;0;0;858;858;6;852;0;858;290;196;54;149;39;55;6;3;4;7;1;1;0;0;34;3;0;7;1;2
021-01;021-91;20.09.2013;Bundestagswahl - Zweitstimmenergebnisse;U;Generationenzentrum;259;Stuttgart II;21;Wangen;761;Wangen;917;700;217;0;485;1;2;483;485;0;206;137;24;48;28;5;2;1;1;1;1;1;3;0;19;1;0;4;0;1
021-02;021-91;20.09.2013;Bundestagswahl - Zweitstimmenergebnisse;U;Begegnungsstätte;259;Stuttgart II;21;Wangen;761;Wangen;686;553;133;0;369;2;1;368;369;0;152;76;13;49;23;16;1;0;3;3;0;1;0;0;27;1;0;2;0;1
021-03;021-91;20.09.2013;Bundestagswahl - Zweitstimmenergebnisse;U;Begegnungsstätte;259;Stuttgart II;21;Wangen;761;Wangen;920;713;207;0;496;3;4;492;496;0;220;99;25;69;32;5;2;4;2;1;0;1;0;0;27;2;0;2;0;1
021-04;021-91;20.09.2013;Bundestagswahl - Zweitstimmenergebnisse;U;Bezirksrathaus Wangen;259;Stuttgart II;21;Wangen;761;Wangen;1187;981;206;0;629;1;7;622;629;0;253;153;34;61;56;22;3;2;7;2;2;0;1;0;20;2;0;3;0;1
021-05;021-91;20.09.2013;Bundestagswahl - Zweitstimmenergebnisse;U;Generationenzentrum;259;Stuttgart II;21;Wangen;761;Wangen;985;855;130;0;526;3;9;517;526;0;179;147;29;63;33;20;2;3;2;8;1;2;0;0;23;3;0;1;0;1
021-91;021-91;20.09.2013;Bundestagswahl - Zweitstimmenergebnisse;B;Briefwahlbezirk;259;Stuttgart II;21;Wangen;-;-;0;0;0;0;840;840;11;829;0;840;363;169;54;122;40;19;3;0;5;4;2;1;1;0;35;0;0;6;3;2
022-01;022-94;20.09.2013;Bundestagswahl - Zweitstimmenergebnisse;U;Städtischer Kindergarten;259;Stuttgart II;22;Weilimdorf;801;Weilimdorf;1260;884;376;0;756;11;4;752;756;0;338;158;69;104;24;20;2;0;1;3;0;0;0;1;32;0;0;0;0;0
022-02;022-94;20.09.2013;Bundestagswahl - Zweitstimmenergebnisse;U;Lindenbachhalle;259;Stuttgart II;22;Weilimdorf;801;Weilimdorf;861;640;221;0;514;3;6;508;514;0;208;120;35;76;21;11;0;2;2;1;0;0;0;0;25;0;0;6;0;1
022-03;022-91;20.09.2013;Bundestagswahl - Zweitstimmenergebnisse;U;Lindenbachhalle;259;Stuttgart II;22;Weilimdorf;801, 802;Weilimdorf, Weilimdorf-Nord;1196;922;274;0;676;4;9;667;676;0;254;167;40;87;43;19;7;0;6;2;1;0;0;0;35;0;0;4;0;2
022-04;022-93;20.09.2013;Bundestagswahl - Zweitstimmenergebnisse;U;Bezirksamt Weilimdorf;259;Stuttgart II;22;Weilimdorf;801;Weilimdorf;1224;938;285;1;735;4;9;726;735;0;306;158;58;99;28;14;4;7;8;7;1;2;0;0;27;0;0;6;0;1
022-05;022-93;20.09.2013;Bundestagswahl - Zweitstimmenergebnisse;U;Bezirksamt Weilimdorf;259;Stuttgart II;22;Weilimdorf;801;Weilimdorf;1083;810;273;0;605;2;6;599;605;0;246;151;42;60;32;15;5;0;9;3;2;0;0;0;25;2;0;7;0;0
022-06;022-93;20.09.2013;Bundestagswahl - Zweitstimmenergebnisse;U;Kath. Gemeindezentrum;259;Stuttgart II;22;Weilimdorf;801;Weilimdorf;773;612;161;0;429;1;5;424;429;0;155;95;26;72;22;13;1;3;2;2;0;0;1;0;24;0;2;5;0;1
022-07;022-94;20.09.2013;Bundestagswahl - Zweitstimmenergebnisse;U;Altenwohnanlage;259;Stuttgart II;22;Weilimdorf;801;Weilimdorf;1240;968;272;0;730;4;9;721;730;0;321;150;47;97;37;17;3;0;3;1;1;0;0;0;33;0;1;6;3;1
022-08;022-94;20.09.2013;Bundestagswahl - Zweitstimmenergebnisse;U;Treffpunkt Pfaffenäcker;259;Stuttgart II;22;Weilimdorf;801;Weilimdorf;1279;1064;215;0;673;1;9;664;673;0;266;154;43;61;59;13;4;1;4;0;0;1;1;0;45;3;2;5;1;1
022-09;022-93;20.09.2013;Bundestagswahl - Zweitstimmenergebnisse;U;Wolfbuschschule;259;Stuttgart II;22;Weilimdorf;801;Weilimdorf;1112;848;264;0;657;2;5;652;657;0;303;155;34;65;33;11;2;2;4;4;1;0;0;0;35;0;1;1;0;1
022-10;022-93;20.09.2013;Bundestagswahl - Zweitstimmenergebnisse;U;D.-Bonhoeffer-Gemeindez.;259;Stuttgart II;22;Weilimdorf;801;Weilimdorf;1256;1088;168;0;669;3;11;658;669;0;274;167;27;59;61;12;2;4;2;1;0;0;1;0;39;1;0;4;0;4
022-11;022-92;20.09.2013;Bundestagswahl - Zweitstimmenergebnisse;U;Engelbergschule;259;Stuttgart II;22;Weilimdorf;811;Bergheim;1301;1027;274;0;742;1;6;736;742;0;314;170;35;81;57;12;2;1;5;0;0;1;5;0;43;0;0;8;0;2
022-12;022-92;20.09.2013;Bundestagswahl - Zweitstimmenergebnisse;U;Solitude-Gymnasium;259;Stuttgart II;22;Weilimdorf;811;Bergheim;856;676;180;0;500;1;7;493;500;0;182;117;31;84;35;9;3;1;5;3;0;0;0;0;17;1;0;2;1;2
022-13;022-91;20.09.2013;Bundestagswahl - Zweitstimmenergebnisse;U;Engelbergschule;259;Stuttgart II;22;Weilimdorf;821;Giebel;797;720;77;0;394;0;4;390;394;0;143;112;9;33;41;11;8;1;3;1;0;0;1;0;21;2;0;4;0;0
022-14;022-91;20.09.2013;Bundestagswahl - Zweitstimmenergebnisse;U;Rappachschule;259;Stuttgart II;22;Weilimdorf;821;Giebel;1237;1051;186;0;661;1;14;647;661;0;274;150;18;47;52;20;7;2;3;4;1;0;0;0;54;2;1;8;0;4
022-15;022-91;20.09.2013;Bundestagswahl - Zweitstimmenergebnisse;U;Rappachschule;259;Stuttgart II;22;Weilimdorf;821;Giebel;1070;876;194;0;546;0;9;537;546;0;237;143;21;48;40;8;3;4;3;0;0;1;0;0;17;2;2;3;0;5
022-16;022-91;20.09.2013;Bundestagswahl - Zweitstimmenergebnisse;U;Bürgertreff Hausen;259;Stuttgart II;22;Weilimdorf;831;Hausen;1807;1642;165;0;1058;2;9;1049;1058;0;422;277;54;101;67;34;12;2;5;4;1;0;1;0;53;2;1;9;2;2
022-17;022-92;20.09.2013;Bundestagswahl - Zweitstimmenergebnisse;U;Solitude-Gymnasium;259;Stuttgart II;22;Weilimdorf;841;Wolfbusch;941;763;178;0;599;6;6;593;599;0;197;161;36;78;51;16;4;2;0;1;2;0;1;1;38;0;0;4;0;1
022-18;022-92;20.09.2013;Bundestagswahl - Zweitstimmenergebnisse;U;Solitude-Gymnasium;259;Stuttgart II;22;Weilimdorf;841;Wolfbusch;899;716;182;1;525;2;1;524;525;0;180;136;44;81;28;13;5;3;7;0;0;0;0;0;20;1;1;4;0;1
022-91;022-91;20.09.2013;Bundestagswahl - Zweitstimmenergebnisse;B;Briefwahlbezirk;259;Stuttgart II;22;Weilimdorf;-;-;0;0;0;0;872;872;6;866;0;872;360;148;98;112;49;13;10;2;7;1;0;1;1;1;44;3;1;9;0;6
022-92;022-92;20.09.2013;Bundestagswahl - Zweitstimmenergebnisse;B;Briefwahlbezirk;259;Stuttgart II;22;Weilimdorf;-;-;0;0;0;0;781;781;7;774;0;781;317;172;45;110;35;17;9;1;7;4;1;2;1;0;34;0;0;8;1;10
022-93;022-93;20.09.2013;Bundestagswahl - Zweitstimmenergebnisse;B;Briefwahlbezirk;259;Stuttgart II;22;Weilimdorf;-;-;0;0;0;0;1095;1095;4;1091;0;1095;487;222;81;147;54;27;5;4;6;2;1;0;0;0;41;0;0;8;0;6
022-94;022-94;20.09.2013;Bundestagswahl - Zweitstimmenergebnisse;B;Briefwahlbezirk;259;Stuttgart II;22;Weilimdorf;-;-;0;0;0;0;1034;1034;5;1029;0;1034;430;203;108;148;40;15;2;2;14;0;1;3;1;2;45;2;1;8;0;4
023-01;023-91;20.09.2013;Bundestagswahl - Zweitstimmenergebnisse;U;Park-Realschule;259;Stuttgart II;23;Zuffenhausen;861;Zuffenhausen-Am Stadtpark;740;589;151;0;409;3;1;408;409;0;159;112;13;36;36;11;2;1;4;2;1;1;0;0;30;0;0;0;0;0
023-02;023-91;20.09.2013;Bundestagswahl - Zweitstimmenergebnisse;U;Tageseinrichtung f. Kinder;259;Stuttgart II;23;Zuffenhausen;861;Zuffenhausen-Am Stadtpark;1180;940;240;0;657;3;4;653;657;0;253;139;41;101;50;11;4;1;9;0;0;1;1;2;35;1;1;3;0;0
023-03;023-91;20.09.2013;Bundestagswahl - Zweitstimmenergebnisse;U;Ev. Freikirchl. Gemeinde;259;Stuttgart II;23;Zuffenhausen;862;Zuffenhausen-Schützenbühl;873;744;129;0;459;0;4;455;459;0;184;131;21;35;35;11;1;0;4;3;1;1;0;0;21;4;0;2;0;1
023-04;023-91;20.09.2013;Bundestagswahl - Zweitstimmenergebnisse;U;St.-Albert-Kirche;259;Stuttgart II;23;Zuffenhausen;863;Zuffenhausen-Elbelen;372;289;82;1;216;3;0;216;216;0;91;41;17;30;8;7;2;0;1;0;0;0;0;0;16;0;0;1;0;2
023-05;023-91;20.09.2013;Bundestagswahl - Zweitstimmenergebnisse;U;Ev. Kindergarten;259;Stuttgart II;23;Zuffenhausen;864;Zuffenhausen-Frauensteg;869;696;173;0;502;3;4;498;502;0;176;138;31;57;43;14;5;9;4;2;1;0;0;0;16;0;0;0;1;1
023-06;023-92;20.09.2013;Bundestagswahl - Zweitstimmenergebnisse;U;Samariterstift;259;Stuttgart II;23;Zuffenhausen;865;Zuffenhausen-Mitte;1280;1021;258;1;691;6;10;681;691;0;273;144;34;77;54;23;2;7;5;1;3;0;0;0;46;7;0;2;1;2
023-07;023-92;20.09.2013;Bundestagswahl - Zweitstimmenergebnisse;U;Rosenschule;259;Stuttgart II;23;Zuffenhausen;865;Zuffenhausen-Mitte;1290;1082;208;0;703;1;8;695;703;0;256;177;43;71;52;25;5;5;4;4;0;0;1;0;38;3;0;9;0;2
023-08;023-91;20.09.2013;Bundestagswahl - Zweitstimmenergebnisse;U;Zehntscheuer;259;Stuttgart II;23;Zuffenhausen;866;Zuffenhausen-Hohenstein;930;759;171;0;414;1;7;407;414;0;147;102;18;54;34;17;5;5;2;1;0;0;1;0;17;1;0;3;0;0
023-09;023-91;20.09.2013;Bundestagswahl - Zweitstimmenergebnisse;U;Hohensteinschule;259;Stuttgart II;23;Zuffenhausen;866;Zuffenhausen-Hohenstein;769;644;124;1;373;3;8;365;373;0;140;86;16;40;38;8;1;3;4;1;0;0;2;0;22;3;0;0;0;1
023-10;023-92;20.09.2013;Bundestagswahl - Zweitstimmenergebnisse;U;Zehntscheuer;259;Stuttgart II;23;Zuffenhausen;865;Zuffenhausen-Mitte;924;778;146;0;512;1;3;509;512;0;211;110;28;75;32;15;1;4;4;2;0;0;3;0;19;1;0;3;0;1
023-11;023-93;20.09.2013;Bundestagswahl - Zweitstimmenergebnisse;U;educcare;259;Stuttgart II;23;Zuffenhausen;865, 891;Zuffenhausen-Mitte, Zazenhausen;947;795;152;0;586;0;3;583;586;0;296;117;40;47;32;15;5;1;3;2;1;1;1;0;14;3;0;5;0;0
023-12;023-92;20.09.2013;Bundestagswahl - Zweitstimmenergebnisse;U;Tageseinrichtung f. Kinder;259;Stuttgart II;23;Zuffenhausen;867;Zuffenhausen-Mönchsberg;1055;958;97;0;415;1;7;408;415;0;155;93;16;49;53;5;0;3;3;0;1;3;1;1;20;1;0;3;0;1
023-13;023-92;20.09.2013;Bundestagswahl - Zweitstimmenergebnisse;U;Else-Heydlauf-Stiftung;259;Stuttgart II;23;Zuffenhausen;867;Zuffenhausen-Mönchsberg;1271;1003;267;1;726;5;8;718;726;0;320;165;53;67;44;13;2;0;8;0;2;1;0;0;38;2;0;1;0;2
023-14;023-91;20.09.2013;Bundestagswahl - Zweitstimmenergebnisse;U;Neuwirtshausschule;259;Stuttgart II;23;Zuffenhausen;871;Neuwirtshaus;603;513;90;0;379;0;2;377;379;0;122;120;12;43;14;10;6;2;4;2;0;0;0;0;34;1;0;3;3;1
023-15;023-93;20.09.2013;Bundestagswahl - Zweitstimmenergebnisse;U;Silcherschule;259;Stuttgart II;23;Zuffenhausen;881;Rot;1191;1048;143;0;580;1;3;577;580;0;229;136;27;52;58;24;5;5;3;0;4;0;2;1;27;0;0;2;0;2
023-16;023-93;20.09.2013;Bundestagswahl - Zweitstimmenergebnisse;U;Ernst-Abbe-Schule;259;Stuttgart II;23;Zuffenhausen;881;Rot;1106;952;153;1;538;3;8;530;538;0;209;135;22;58;40;14;4;3;6;5;1;2;0;0;23;0;1;4;0;3
023-17;023-92;20.09.2013;Bundestagswahl - Zweitstimmenergebnisse;U;Silcherschule;259;Stuttgart II;23;Zuffenhausen;881;Rot;1231;988;243;0;660;1;7;653;660;0;284;158;30;68;38;11;0;7;5;2;1;0;2;0;37;1;0;3;0;6
023-18;023-93;20.09.2013;Bundestagswahl - Zweitstimmenergebnisse;U;Ferd.-Porsche-Gymnasium;259;Stuttgart II;23;Zuffenhausen;881;Rot;1236;1057;179;0;626;1;12;614;626;0;222;183;16;59;60;15;7;4;3;3;2;0;2;0;24;9;1;2;1;1
023-19;023-93;20.09.2013;Bundestagswahl - Zweitstimmenergebnisse;U;Bürgerhaus Rot;259;Stuttgart II;23;Zuffenhausen;868, 881;Zuffenhausen-Im Raiser, Rot;1012;885;127;0;539;2;10;529;539;0;196;144;34;69;40;13;2;4;1;2;0;0;4;0;19;1;0;0;0;0
023-20;023-93;20.09.2013;Bundestagswahl - Zweitstimmenergebnisse;U;Ferd.-Porsche-Gymnasium;259;Stuttgart II;23;Zuffenhausen;881;Rot;1029;892;136;1;522;1;9;513;522;0;231;120;20;34;36;11;2;6;8;1;1;2;2;0;34;0;0;3;1;1
023-21;023-93;20.09.2013;Bundestagswahl - Zweitstimmenergebnisse;U;Grundschule Zazenhausen;259;Stuttgart II;23;Zuffenhausen;891;Zazenhausen;1027;874;153;0;685;1;9;676;685;0;281;162;49;78;27;12;5;10;7;0;1;0;0;0;36;0;0;6;0;2
023-91;023-91;20.09.2013;Bundestagswahl - Zweitstimmenergebnisse;B;Briefwahlbezirk;259;Stuttgart II;23;Zuffenhausen;-;-;0;0;0;0;1091;1091;8;1083;0;1091;417;235;73;174;59;33;7;1;6;1;4;5;2;1;48;0;0;10;0;7
023-92;023-92;20.09.2013;Bundestagswahl - Zweitstimmenergebnisse;B;Briefwahlbezirk;259;Stuttgart II;23;Zuffenhausen;-;-;0;0;0;0;1130;1130;4;1126;0;1130;506;204;96;141;55;34;6;4;8;6;0;2;3;0;45;0;2;7;1;6
023-93;023-93;20.09.2013;Bundestagswahl - Zweitstimmenergebnisse;B;Briefwahlbezirk;259;Stuttgart II;23;Zuffenhausen;-;-;0;0;0;0;983;983;8;975;0;983;413;209;61;138;59;28;10;6;5;4;0;1;0;1;27;2;0;8;0;3
